Year,Quarter,Month,Day,Average of CHARGE_RED_FILING_SORT
2017,Qtr 1,January,2,0.00%
2017,Qtr 1,January,3,46.67%
2017,Qtr 1,January,4,60.00%
2017,Qtr 1,January,5,34.78%
2017,Qtr 1,January,6,51.22%
2017,Qtr 1,January,9,43.18%
2017,Qtr 1,January,10,45.95%
2017,Qtr 1,January,11,31.48%
2017,Qtr 1,January,12,36.00%
2017,Qtr 1,January,13,40.00%
2017,Qtr 1,January,16,0.00%
2017,Qtr 1,January,17,37.74%
2017,Qtr 1,January,18,38.46%
2017,Qtr 1,January,19,21.74%
2017,Qtr 1,January,20,22.22%
2017,Qtr 1,January,21,25.00%
2017,Qtr 1,January,23,45.00%
2017,Qtr 1,January,24,37.50%
2017,Qtr 1,January,25,37.50%
2017,Qtr 1,January,26,25.81%
2017,Qtr 1,January,27,42.55%
2017,Qtr 1,January,28,100.00%
2017,Qtr 1,January,29,0.00%
2017,Qtr 1,January,30,38.64%
2017,Qtr 1,January,31,51.02%
2017,Qtr 1,February,1,45.00%
2017,Qtr 1,February,2,36.36%
2017,Qtr 1,February,3,37.04%
2017,Qtr 1,February,5,50.00%
2017,Qtr 1,February,6,48.94%
2017,Qtr 1,February,7,58.93%
2017,Qtr 1,February,8,29.79%
2017,Qtr 1,February,9,27.78%
2017,Qtr 1,February,10,33.33%
2017,Qtr 1,February,12,0.00%
2017,Qtr 1,February,13,36.84%
2017,Qtr 1,February,14,34.55%
2017,Qtr 1,February,15,37.70%
2017,Qtr 1,February,16,30.43%
2017,Qtr 1,February,17,21.43%
2017,Qtr 1,February,21,33.33%
2017,Qtr 1,February,22,34.48%
2017,Qtr 1,February,23,34.29%
2017,Qtr 1,February,24,31.43%
2017,Qtr 1,February,27,44.12%
2017,Qtr 1,February,28,35.29%
2017,Qtr 1,March,1,28.57%
2017,Qtr 1,March,2,40.00%
2017,Qtr 1,March,3,48.28%
2017,Qtr 1,March,4,0.00%
2017,Qtr 1,March,5,0.00%
2017,Qtr 1,March,6,42.37%
2017,Qtr 1,March,7,38.78%
2017,Qtr 1,March,8,48.72%
2017,Qtr 1,March,9,30.56%
2017,Qtr 1,March,10,22.00%
2017,Qtr 1,March,11,0.00%
2017,Qtr 1,March,13,41.18%
2017,Qtr 1,March,14,45.28%
2017,Qtr 1,March,15,34.88%
2017,Qtr 1,March,16,45.71%
2017,Qtr 1,March,17,32.00%
2017,Qtr 1,March,18,50.00%
2017,Qtr 1,March,20,36.17%
2017,Qtr 1,March,21,40.00%
2017,Qtr 1,March,22,28.57%
2017,Qtr 1,March,23,32.61%
2017,Qtr 1,March,24,28.57%
2017,Qtr 1,March,25,100.00%
2017,Qtr 1,March,26,0.00%
2017,Qtr 1,March,27,47.22%
2017,Qtr 1,March,28,29.55%
2017,Qtr 1,March,29,48.57%
2017,Qtr 1,March,30,21.74%
2017,Qtr 1,March,31,0.00%
2017,Qtr 2,April,1,0.00%
2017,Qtr 2,April,3,37.25%
2017,Qtr 2,April,4,38.46%
2017,Qtr 2,April,5,33.33%
2017,Qtr 2,April,6,15.71%
2017,Qtr 2,April,7,40.00%
2017,Qtr 2,April,8,100.00%
2017,Qtr 2,April,10,63.64%
2017,Qtr 2,April,11,36.23%
2017,Qtr 2,April,12,35.71%
2017,Qtr 2,April,13,24.53%
2017,Qtr 2,April,14,34.62%
2017,Qtr 2,April,15,0.00%
2017,Qtr 2,April,17,41.18%
2017,Qtr 2,April,18,47.73%
2017,Qtr 2,April,19,43.18%
2017,Qtr 2,April,20,19.35%
2017,Qtr 2,April,21,57.89%
2017,Qtr 2,April,24,41.82%
2017,Qtr 2,April,25,54.17%
2017,Qtr 2,April,26,28.95%
2017,Qtr 2,April,27,41.03%
2017,Qtr 2,April,28,22.22%
2017,Qtr 2,April,30,100.00%
2017,Qtr 2,May,1,57.78%
2017,Qtr 2,May,2,45.28%
2017,Qtr 2,May,3,22.58%
2017,Qtr 2,May,4,41.18%
2017,Qtr 2,May,5,35.29%
2017,Qtr 2,May,7,0.00%
2017,Qtr 2,May,8,36.17%
2017,Qtr 2,May,9,41.38%
2017,Qtr 2,May,10,35.19%
2017,Qtr 2,May,11,40.91%
2017,Qtr 2,May,12,54.55%
2017,Qtr 2,May,15,57.58%
2017,Qtr 2,May,16,39.13%
2017,Qtr 2,May,17,31.11%
2017,Qtr 2,May,18,50.00%
2017,Qtr 2,May,19,42.86%
2017,Qtr 2,May,22,55.81%
2017,Qtr 2,May,23,31.25%
2017,Qtr 2,May,24,52.38%
2017,Qtr 2,May,25,46.43%
2017,Qtr 2,May,26,54.05%
2017,Qtr 2,May,30,50.98%
2017,Qtr 2,May,31,46.55%
2017,Qtr 2,June,1,38.10%
2017,Qtr 2,June,2,26.67%
2017,Qtr 2,June,5,38.10%
2017,Qtr 2,June,6,34.48%
2017,Qtr 2,June,7,34.38%
2017,Qtr 2,June,8,53.49%
2017,Qtr 2,June,9,35.29%
2017,Qtr 2,June,11,0.00%
2017,Qtr 2,June,12,32.08%
2017,Qtr 2,June,13,35.56%
2017,Qtr 2,June,14,25.53%
2017,Qtr 2,June,15,40.54%
2017,Qtr 2,June,16,31.43%
2017,Qtr 2,June,19,42.86%
2017,Qtr 2,June,20,48.39%
2017,Qtr 2,June,21,46.51%
2017,Qtr 2,June,22,25.64%
2017,Qtr 2,June,23,39.29%
2017,Qtr 2,June,26,38.64%
2017,Qtr 2,June,27,45.90%
2017,Qtr 2,June,28,31.58%
2017,Qtr 2,June,29,32.00%
2017,Qtr 2,June,30,34.78%
2017,Qtr 3,July,3,39.53%
2017,Qtr 3,July,5,43.10%
2017,Qtr 3,July,6,48.98%
2017,Qtr 3,July,7,40.00%
2017,Qtr 3,July,10,60.87%
2017,Qtr 3,July,11,34.69%
2017,Qtr 3,July,12,42.22%
2017,Qtr 3,July,13,29.03%
2017,Qtr 3,July,14,35.14%
2017,Qtr 3,July,16,0.00%
2017,Qtr 3,July,17,55.81%
2017,Qtr 3,July,18,41.46%
2017,Qtr 3,July,19,38.89%
2017,Qtr 3,July,20,48.65%
2017,Qtr 3,July,21,18.18%
2017,Qtr 3,July,23,0.00%
2017,Qtr 3,July,24,37.84%
2017,Qtr 3,July,25,52.83%
2017,Qtr 3,July,26,48.57%
2017,Qtr 3,July,27,38.71%
2017,Qtr 3,July,28,30.43%
2017,Qtr 3,July,31,39.13%
2017,Qtr 3,August,1,38.89%
2017,Qtr 3,August,2,53.57%
2017,Qtr 3,August,3,25.93%
2017,Qtr 3,August,4,25.00%
2017,Qtr 3,August,7,43.24%
2017,Qtr 3,August,8,55.88%
2017,Qtr 3,August,9,31.71%
2017,Qtr 3,August,10,33.33%
2017,Qtr 3,August,11,62.50%
2017,Qtr 3,August,12,16.67%
2017,Qtr 3,August,14,59.32%
2017,Qtr 3,August,15,32.14%
2017,Qtr 3,August,16,30.36%
2017,Qtr 3,August,17,30.00%
2017,Qtr 3,August,18,40.00%
2017,Qtr 3,August,19,0.00%
2017,Qtr 3,August,21,45.28%
2017,Qtr 3,August,22,48.78%
2017,Qtr 3,August,23,48.28%
2017,Qtr 3,August,24,35.71%
2017,Qtr 3,August,25,30.77%
2017,Qtr 3,August,27,0.00%
2017,Qtr 3,August,28,57.69%
2017,Qtr 3,August,29,47.27%
2017,Qtr 3,August,30,31.37%
2017,Qtr 3,August,31,33.33%
2017,Qtr 3,September,1,22.22%
2017,Qtr 3,September,2,0.00%
2017,Qtr 3,September,5,44.00%
2017,Qtr 3,September,6,31.88%
2017,Qtr 3,September,7,42.31%
2017,Qtr 3,September,8,48.65%
2017,Qtr 3,September,11,44.44%
2017,Qtr 3,September,12,50.00%
2017,Qtr 3,September,13,36.36%
2017,Qtr 3,September,14,38.18%
2017,Qtr 3,September,15,14.29%
2017,Qtr 3,September,17,33.33%
2017,Qtr 3,September,18,46.51%
2017,Qtr 3,September,19,46.67%
2017,Qtr 3,September,20,64.29%
2017,Qtr 3,September,21,40.74%
2017,Qtr 3,September,22,35.56%
2017,Qtr 3,September,23,0.00%
2017,Qtr 3,September,24,50.00%
2017,Qtr 3,September,25,48.84%
2017,Qtr 3,September,26,35.29%
2017,Qtr 3,September,27,30.00%
2017,Qtr 3,September,28,40.00%
2017,Qtr 3,September,29,43.59%
2017,Qtr 4,October,2,46.97%
2017,Qtr 4,October,3,41.46%
2017,Qtr 4,October,4,37.78%
2017,Qtr 4,October,5,31.91%
2017,Qtr 4,October,6,34.78%
2017,Qtr 4,October,9,100.00%
2017,Qtr 4,October,10,45.95%
2017,Qtr 4,October,11,49.12%
2017,Qtr 4,October,12,41.03%
2017,Qtr 4,October,13,20.00%
2017,Qtr 4,October,14,0.00%
2017,Qtr 4,October,15,66.67%
2017,Qtr 4,October,16,46.67%
2017,Qtr 4,October,17,53.33%
2017,Qtr 4,October,18,15.38%
2017,Qtr 4,October,19,45.83%
2017,Qtr 4,October,20,66.67%
2017,Qtr 4,October,23,43.48%
2017,Qtr 4,October,24,49.15%
2017,Qtr 4,October,25,33.33%
2017,Qtr 4,October,26,56.10%
2017,Qtr 4,October,27,45.45%
2017,Qtr 4,October,30,50.00%
2017,Qtr 4,October,31,44.74%
2017,Qtr 4,November,1,33.33%
2017,Qtr 4,November,2,29.27%
2017,Qtr 4,November,3,20.59%
2017,Qtr 4,November,4,0.00%
2017,Qtr 4,November,6,57.89%
2017,Qtr 4,November,7,47.92%
2017,Qtr 4,November,8,30.95%
2017,Qtr 4,November,9,34.29%
2017,Qtr 4,November,10,0.00%
2017,Qtr 4,November,13,54.55%
2017,Qtr 4,November,14,36.96%
2017,Qtr 4,November,15,34.21%
2017,Qtr 4,November,16,32.00%
2017,Qtr 4,November,17,33.33%
2017,Qtr 4,November,19,0.00%
2017,Qtr 4,November,20,44.64%
2017,Qtr 4,November,21,30.51%
2017,Qtr 4,November,22,56.76%
2017,Qtr 4,November,27,30.77%
2017,Qtr 4,November,28,56.45%
2017,Qtr 4,November,29,40.54%
2017,Qtr 4,November,30,41.94%
2017,Qtr 4,December,1,15.00%
2017,Qtr 4,December,2,0.00%
2017,Qtr 4,December,3,100.00%
2017,Qtr 4,December,4,51.28%
2017,Qtr 4,December,5,42.50%
2017,Qtr 4,December,6,41.67%
2017,Qtr 4,December,7,39.39%
2017,Qtr 4,December,8,33.33%
2017,Qtr 4,December,11,48.72%
2017,Qtr 4,December,12,60.98%
2017,Qtr 4,December,13,35.90%
2017,Qtr 4,December,14,37.50%
2017,Qtr 4,December,15,30.00%
2017,Qtr 4,December,18,39.29%
2017,Qtr 4,December,19,34.29%
2017,Qtr 4,December,20,42.11%
2017,Qtr 4,December,21,20.45%
2017,Qtr 4,December,22,38.89%
2017,Qtr 4,December,26,37.14%
2017,Qtr 4,December,27,51.79%
2017,Qtr 4,December,28,41.94%
2017,Qtr 4,December,29,37.14%
2018,Qtr 1,January,2,45.00%
2018,Qtr 1,January,3,55.10%
2018,Qtr 1,January,4,30.77%
2018,Qtr 1,January,5,34.78%
2018,Qtr 1,January,8,51.43%
2018,Qtr 1,January,9,55.32%
2018,Qtr 1,January,10,28.13%
2018,Qtr 1,January,11,37.04%
2018,Qtr 1,January,12,11.11%
2018,Qtr 1,January,16,46.55%
2018,Qtr 1,January,17,44.44%
2018,Qtr 1,January,18,40.00%
2018,Qtr 1,January,19,36.84%
2018,Qtr 1,January,22,49.15%
2018,Qtr 1,January,23,26.09%
2018,Qtr 1,January,24,21.74%
2018,Qtr 1,January,25,35.00%
2018,Qtr 1,January,26,42.86%
2018,Qtr 1,January,27,0.00%
2018,Qtr 1,January,29,35.00%
2018,Qtr 1,January,30,45.76%
2018,Qtr 1,January,31,39.29%
2018,Qtr 1,February,1,27.27%
2018,Qtr 1,February,2,37.93%
2018,Qtr 1,February,5,48.08%
2018,Qtr 1,February,6,53.62%
2018,Qtr 1,February,7,30.61%
2018,Qtr 1,February,8,35.90%
2018,Qtr 1,February,9,43.33%
2018,Qtr 1,February,11,0.00%
2018,Qtr 1,February,12,51.35%
2018,Qtr 1,February,13,47.22%
2018,Qtr 1,February,14,49.09%
2018,Qtr 1,February,15,36.54%
2018,Qtr 1,February,16,23.33%
2018,Qtr 1,February,20,37.29%
2018,Qtr 1,February,21,44.44%
2018,Qtr 1,February,22,37.78%
2018,Qtr 1,February,23,35.48%
2018,Qtr 1,February,25,50.00%
2018,Qtr 1,February,26,48.94%
2018,Qtr 1,February,27,28.57%
2018,Qtr 1,February,28,41.46%
2018,Qtr 1,March,1,37.84%
2018,Qtr 1,March,2,29.03%
2018,Qtr 1,March,4,0.00%
2018,Qtr 1,March,5,50.98%
2018,Qtr 1,March,6,31.94%
2018,Qtr 1,March,7,29.17%
2018,Qtr 1,March,8,36.36%
2018,Qtr 1,March,9,64.29%
2018,Qtr 1,March,12,49.02%
2018,Qtr 1,March,13,47.92%
2018,Qtr 1,March,14,41.86%
2018,Qtr 1,March,15,36.84%
2018,Qtr 1,March,16,40.00%
2018,Qtr 1,March,18,50.00%
2018,Qtr 1,March,19,43.48%
2018,Qtr 1,March,20,23.26%
2018,Qtr 1,March,21,39.39%
2018,Qtr 1,March,22,22.73%
2018,Qtr 1,March,23,30.77%
2018,Qtr 1,March,25,100.00%
2018,Qtr 1,March,26,50.00%
2018,Qtr 1,March,27,46.94%
2018,Qtr 1,March,28,39.02%
2018,Qtr 1,March,29,38.24%
2018,Qtr 1,March,30,0.00%
2018,Qtr 1,March,31,0.00%
2018,Qtr 2,April,2,58.14%
2018,Qtr 2,April,3,50.70%
2018,Qtr 2,April,4,47.50%
2018,Qtr 2,April,5,36.59%
2018,Qtr 2,April,6,36.59%
2018,Qtr 2,April,8,75.00%
2018,Qtr 2,April,9,44.07%
2018,Qtr 2,April,10,42.42%
2018,Qtr 2,April,11,50.94%
2018,Qtr 2,April,12,22.22%
2018,Qtr 2,April,13,45.24%
2018,Qtr 2,April,16,51.72%
2018,Qtr 2,April,17,41.77%
2018,Qtr 2,April,18,52.78%
2018,Qtr 2,April,19,39.39%
2018,Qtr 2,April,20,47.83%
2018,Qtr 2,April,22,100.00%
2018,Qtr 2,April,23,42.11%
2018,Qtr 2,April,24,45.61%
2018,Qtr 2,April,25,22.95%
2018,Qtr 2,April,26,29.55%
2018,Qtr 2,April,27,31.58%
2018,Qtr 2,April,28,50.00%
2018,Qtr 2,April,30,37.10%
2018,Qtr 2,May,1,45.45%
2018,Qtr 2,May,2,37.93%
2018,Qtr 2,May,3,33.33%
2018,Qtr 2,May,4,48.15%
2018,Qtr 2,May,5,100.00%
2018,Qtr 2,May,6,100.00%
2018,Qtr 2,May,7,51.16%
2018,Qtr 2,May,8,30.00%
2018,Qtr 2,May,9,43.64%
2018,Qtr 2,May,10,42.42%
2018,Qtr 2,May,11,27.59%
2018,Qtr 2,May,12,57.14%
2018,Qtr 2,May,13,40.00%
2018,Qtr 2,May,14,52.27%
2018,Qtr 2,May,15,63.93%
2018,Qtr 2,May,16,28.26%
2018,Qtr 2,May,17,24.24%
2018,Qtr 2,May,18,37.50%
2018,Qtr 2,May,20,100.00%
2018,Qtr 2,May,21,42.86%
2018,Qtr 2,May,22,47.06%
2018,Qtr 2,May,23,44.19%
2018,Qtr 2,May,24,37.21%
2018,Qtr 2,May,25,50.00%
2018,Qtr 2,May,29,60.56%
2018,Qtr 2,May,30,55.17%
2018,Qtr 2,May,31,28.57%
2018,Qtr 2,June,1,33.33%
2018,Qtr 2,June,4,46.67%
2018,Qtr 2,June,5,46.81%
2018,Qtr 2,June,6,22.58%
2018,Qtr 2,June,7,39.53%
2018,Qtr 2,June,8,33.33%
2018,Qtr 2,June,11,50.82%
2018,Qtr 2,June,12,38.30%
2018,Qtr 2,June,13,28.89%
2018,Qtr 2,June,14,48.57%
2018,Qtr 2,June,15,29.63%
2018,Qtr 2,June,17,33.33%
2018,Qtr 2,June,18,58.33%
2018,Qtr 2,June,19,42.00%
2018,Qtr 2,June,20,35.71%
2018,Qtr 2,June,21,56.25%
2018,Qtr 2,June,22,23.33%
2018,Qtr 2,June,25,55.32%
2018,Qtr 2,June,26,49.23%
2018,Qtr 2,June,27,37.50%
2018,Qtr 2,June,28,62.07%
2018,Qtr 2,June,29,17.24%
2018,Qtr 3,July,1,0.00%
2018,Qtr 3,July,2,36.73%
2018,Qtr 3,July,3,32.69%
2018,Qtr 3,July,4,50.00%
2018,Qtr 3,July,5,28.00%
2018,Qtr 3,July,6,51.11%
2018,Qtr 3,July,7,0.00%
2018,Qtr 3,July,8,50.00%
2018,Qtr 3,July,9,53.33%
2018,Qtr 3,July,10,35.85%
2018,Qtr 3,July,11,38.89%
2018,Qtr 3,July,12,40.54%
2018,Qtr 3,July,13,40.00%
2018,Qtr 3,July,14,0.00%
2018,Qtr 3,July,15,50.00%
2018,Qtr 3,July,16,52.38%
2018,Qtr 3,July,17,47.27%
2018,Qtr 3,July,18,39.02%
2018,Qtr 3,July,19,43.48%
2018,Qtr 3,July,20,35.29%
2018,Qtr 3,July,23,61.54%
2018,Qtr 3,July,24,36.96%
2018,Qtr 3,July,25,37.93%
2018,Qtr 3,July,26,42.11%
2018,Qtr 3,July,27,35.14%
2018,Qtr 3,July,29,0.00%
2018,Qtr 3,July,30,63.83%
2018,Qtr 3,July,31,42.59%
2018,Qtr 3,August,1,40.43%
2018,Qtr 3,August,2,28.57%
2018,Qtr 3,August,3,36.36%
2018,Qtr 3,August,4,0.00%
2018,Qtr 3,August,6,54.90%
2018,Qtr 3,August,7,46.38%
2018,Qtr 3,August,8,27.66%
2018,Qtr 3,August,9,52.27%
2018,Qtr 3,August,10,38.46%
2018,Qtr 3,August,12,0.00%
2018,Qtr 3,August,13,42.86%
2018,Qtr 3,August,14,39.51%
2018,Qtr 3,August,15,23.91%
2018,Qtr 3,August,16,26.00%
2018,Qtr 3,August,17,42.11%
2018,Qtr 3,August,20,38.46%
2018,Qtr 3,August,21,31.82%
2018,Qtr 3,August,22,33.33%
2018,Qtr 3,August,23,41.67%
2018,Qtr 3,August,24,30.00%
2018,Qtr 3,August,26,0.00%
2018,Qtr 3,August,27,51.16%
2018,Qtr 3,August,28,43.48%
2018,Qtr 3,August,29,38.24%
2018,Qtr 3,August,30,41.67%
2018,Qtr 3,August,31,39.29%
2018,Qtr 3,September,2,0.00%
2018,Qtr 3,September,4,42.86%
2018,Qtr 3,September,5,31.91%
2018,Qtr 3,September,6,30.23%
2018,Qtr 3,September,7,46.43%
2018,Qtr 3,September,8,0.00%
2018,Qtr 3,September,9,50.00%
2018,Qtr 3,September,10,42.31%
2018,Qtr 3,September,11,49.25%
2018,Qtr 3,September,12,51.35%
2018,Qtr 3,September,13,50.00%
2018,Qtr 3,September,14,28.57%
2018,Qtr 3,September,16,100.00%
2018,Qtr 3,September,17,45.00%
2018,Qtr 3,September,18,56.52%
2018,Qtr 3,September,19,46.88%
2018,Qtr 3,September,20,54.29%
2018,Qtr 3,September,21,44.00%
2018,Qtr 3,September,22,0.00%
2018,Qtr 3,September,23,100.00%
2018,Qtr 3,September,24,39.62%
2018,Qtr 3,September,25,49.06%
2018,Qtr 3,September,26,41.67%
2018,Qtr 3,September,27,34.09%
2018,Qtr 3,September,28,23.33%
2018,Qtr 4,October,1,43.90%
2018,Qtr 4,October,2,47.17%
2018,Qtr 4,October,3,41.18%
2018,Qtr 4,October,4,22.58%
2018,Qtr 4,October,5,32.26%
2018,Qtr 4,October,6,0.00%
2018,Qtr 4,October,9,54.90%
2018,Qtr 4,October,10,54.29%
2018,Qtr 4,October,11,28.21%
2018,Qtr 4,October,12,40.00%
2018,Qtr 4,October,13,50.00%
2018,Qtr 4,October,14,66.67%
2018,Qtr 4,October,15,53.06%
2018,Qtr 4,October,16,42.86%
2018,Qtr 4,October,17,46.43%
2018,Qtr 4,October,18,39.39%
2018,Qtr 4,October,19,35.14%
2018,Qtr 4,October,22,42.86%
2018,Qtr 4,October,23,37.14%
2018,Qtr 4,October,24,34.15%
2018,Qtr 4,October,25,21.43%
2018,Qtr 4,October,26,35.29%
2018,Qtr 4,October,28,33.33%
2018,Qtr 4,October,29,38.46%
2018,Qtr 4,October,30,35.94%
2018,Qtr 4,October,31,37.50%
2018,Qtr 4,November,1,40.00%
2018,Qtr 4,November,2,47.22%
2018,Qtr 4,November,5,53.49%
2018,Qtr 4,November,6,44.83%
2018,Qtr 4,November,7,42.55%
2018,Qtr 4,November,8,23.53%
2018,Qtr 4,November,9,21.43%
2018,Qtr 4,November,11,50.00%
2018,Qtr 4,November,12,100.00%
2018,Qtr 4,November,13,40.32%
2018,Qtr 4,November,14,40.98%
2018,Qtr 4,November,15,47.83%
2018,Qtr 4,November,16,28.57%
2018,Qtr 4,November,17,0.00%
2018,Qtr 4,November,18,0.00%
2018,Qtr 4,November,19,35.29%
2018,Qtr 4,November,20,30.77%
2018,Qtr 4,November,21,22.58%
2018,Qtr 4,November,25,50.00%
2018,Qtr 4,November,26,36.51%
2018,Qtr 4,November,27,49.30%
2018,Qtr 4,November,28,31.25%
2018,Qtr 4,November,29,25.58%
2018,Qtr 4,November,30,23.08%
2018,Qtr 4,December,3,35.56%
2018,Qtr 4,December,4,23.64%
2018,Qtr 4,December,5,36.00%
2018,Qtr 4,December,6,21.21%
2018,Qtr 4,December,7,33.33%
2018,Qtr 4,December,10,50.00%
2018,Qtr 4,December,11,50.77%
2018,Qtr 4,December,12,33.33%
2018,Qtr 4,December,13,25.49%
2018,Qtr 4,December,14,41.18%
2018,Qtr 4,December,17,49.02%
2018,Qtr 4,December,18,36.00%
2018,Qtr 4,December,19,47.73%
2018,Qtr 4,December,20,46.67%
2018,Qtr 4,December,21,34.48%
2018,Qtr 4,December,24,38.10%
2018,Qtr 4,December,26,49.15%
2018,Qtr 4,December,27,36.00%
2018,Qtr 4,December,28,32.61%
2018,Qtr 4,December,30,88.89%
2018,Qtr 4,December,31,48.78%
2019,Qtr 1,January,1,0.00%
2019,Qtr 1,January,2,43.40%
2019,Qtr 1,January,3,42.11%
2019,Qtr 1,January,4,50.00%
2019,Qtr 1,January,6,0.00%
2019,Qtr 1,January,7,42.86%
2019,Qtr 1,January,8,55.26%
2019,Qtr 1,January,9,44.19%
2019,Qtr 1,January,10,41.67%
2019,Qtr 1,January,11,30.77%
2019,Qtr 1,January,13,33.33%
2019,Qtr 1,January,14,41.07%
2019,Qtr 1,January,15,30.91%
2019,Qtr 1,January,16,26.67%
2019,Qtr 1,January,17,23.91%
2019,Qtr 1,January,18,39.39%
2019,Qtr 1,January,20,0.00%
2019,Qtr 1,January,21,0.00%
2019,Qtr 1,January,22,57.14%
2019,Qtr 1,January,23,36.67%
2019,Qtr 1,January,24,37.50%
2019,Qtr 1,January,25,18.18%
2019,Qtr 1,January,26,0.00%
2019,Qtr 1,January,27,100.00%
2019,Qtr 1,January,28,43.75%
2019,Qtr 1,January,29,32.76%
2019,Qtr 1,January,30,45.95%
2019,Qtr 1,January,31,36.36%
2019,Qtr 1,February,1,26.67%
2019,Qtr 1,February,3,50.00%
2019,Qtr 1,February,4,59.57%
2019,Qtr 1,February,5,26.92%
2019,Qtr 1,February,6,46.88%
2019,Qtr 1,February,7,39.02%
2019,Qtr 1,February,8,40.91%
2019,Qtr 1,February,10,0.00%
2019,Qtr 1,February,11,49.18%
2019,Qtr 1,February,12,47.50%
2019,Qtr 1,February,13,45.65%
2019,Qtr 1,February,14,41.67%
2019,Qtr 1,February,15,36.36%
2019,Qtr 1,February,18,0.00%
2019,Qtr 1,February,19,42.86%
2019,Qtr 1,February,20,50.63%
2019,Qtr 1,February,21,48.00%
2019,Qtr 1,February,22,66.67%
2019,Qtr 1,February,25,50.00%
2019,Qtr 1,February,26,47.37%
2019,Qtr 1,February,27,50.00%
2019,Qtr 1,February,28,19.05%
2019,Qtr 1,March,1,61.54%
2019,Qtr 1,March,3,63.64%
2019,Qtr 1,March,4,38.00%
2019,Qtr 1,March,5,34.09%
2019,Qtr 1,March,6,50.00%
2019,Qtr 1,March,7,18.18%
2019,Qtr 1,March,8,45.00%
2019,Qtr 1,March,9,16.67%
2019,Qtr 1,March,10,25.00%
2019,Qtr 1,March,11,32.73%
2019,Qtr 1,March,12,33.33%
2019,Qtr 1,March,13,21.31%
2019,Qtr 1,March,14,36.96%
2019,Qtr 1,March,15,45.00%
2019,Qtr 1,March,17,0.00%
2019,Qtr 1,March,18,43.14%
2019,Qtr 1,March,19,53.33%
2019,Qtr 1,March,20,30.43%
2019,Qtr 1,March,21,50.00%
2019,Qtr 1,March,22,35.71%
2019,Qtr 1,March,23,100.00%
2019,Qtr 1,March,25,48.78%
2019,Qtr 1,March,26,47.27%
2019,Qtr 1,March,27,34.29%
2019,Qtr 1,March,28,58.49%
2019,Qtr 1,March,29,16.67%
2019,Qtr 1,March,30,100.00%
2019,Qtr 1,March,31,0.00%
2019,Qtr 2,April,2,42.19%
2019,Qtr 2,April,3,45.59%
2019,Qtr 2,April,4,25.00%
2019,Qtr 2,April,5,39.02%
2019,Qtr 2,April,7,50.00%
2019,Qtr 2,April,8,32.61%
2019,Qtr 2,April,9,42.19%
2019,Qtr 2,April,10,34.48%
2019,Qtr 2,April,11,35.00%
2019,Qtr 2,April,12,32.14%
2019,Qtr 2,April,15,37.04%
2019,Qtr 2,April,16,41.89%
2019,Qtr 2,April,17,24.00%
2019,Qtr 2,April,18,39.47%
2019,Qtr 2,April,19,36.00%
2019,Qtr 2,April,20,25.00%
2019,Qtr 2,April,22,34.62%
2019,Qtr 2,April,23,49.23%
2019,Qtr 2,April,24,32.61%
2019,Qtr 2,April,25,34.38%
2019,Qtr 2,April,26,23.08%
2019,Qtr 2,April,29,51.16%
2019,Qtr 2,April,30,55.00%
2019,Qtr 2,May,1,40.43%
2019,Qtr 2,May,2,30.56%
2019,Qtr 2,May,3,43.75%
2019,Qtr 2,May,4,0.00%
2019,Qtr 2,May,5,50.00%
2019,Qtr 2,May,6,31.25%
2019,Qtr 2,May,7,50.00%
2019,Qtr 2,May,8,36.36%
2019,Qtr 2,May,9,33.33%
2019,Qtr 2,May,10,8.57%
2019,Qtr 2,May,11,0.00%
2019,Qtr 2,May,12,50.00%
2019,Qtr 2,May,13,46.81%
2019,Qtr 2,May,14,33.82%
2019,Qtr 2,May,15,40.63%
2019,Qtr 2,May,16,0.00%
2019,Qtr 2,May,17,27.27%
2019,Qtr 2,May,18,0.00%
2019,Qtr 2,May,19,0.00%
2019,Qtr 2,May,20,42.86%
2019,Qtr 2,May,21,26.32%
2019,Qtr 2,May,22,36.11%
2019,Qtr 2,May,23,35.71%
2019,Qtr 2,May,24,37.14%
2019,Qtr 2,May,26,0.00%
2019,Qtr 2,May,27,100.00%
2019,Qtr 2,May,28,39.34%
2019,Qtr 2,May,29,52.73%
2019,Qtr 2,May,30,46.67%
2019,Qtr 2,May,31,23.53%
2019,Qtr 2,June,1,0.00%
2019,Qtr 2,June,2,0.00%
2019,Qtr 2,June,3,35.85%
2019,Qtr 2,June,4,31.82%
2019,Qtr 2,June,5,30.95%
2019,Qtr 2,June,6,47.50%
2019,Qtr 2,June,7,37.93%
2019,Qtr 2,June,9,100.00%
2019,Qtr 2,June,10,43.64%
2019,Qtr 2,June,11,54.00%
2019,Qtr 2,June,12,31.48%
2019,Qtr 2,June,13,35.14%
2019,Qtr 2,June,14,25.64%
2019,Qtr 2,June,16,100.00%
2019,Qtr 2,June,17,40.00%
2019,Qtr 2,June,18,53.85%
2019,Qtr 2,June,19,34.15%
2019,Qtr 2,June,20,40.63%
2019,Qtr 2,June,21,55.88%
2019,Qtr 2,June,24,48.78%
2019,Qtr 2,June,25,50.91%
2019,Qtr 2,June,26,21.74%
2019,Qtr 2,June,27,53.33%
2019,Qtr 2,June,28,39.22%
2019,Qtr 2,June,29,0.00%
2019,Qtr 3,July,1,42.55%
2019,Qtr 3,July,2,38.71%
2019,Qtr 3,July,3,45.24%
2019,Qtr 3,July,4,40.00%
2019,Qtr 3,July,5,32.26%
2019,Qtr 3,July,7,0.00%
2019,Qtr 3,July,8,57.35%
2019,Qtr 3,July,9,36.49%
2019,Qtr 3,July,10,26.67%
2019,Qtr 3,July,11,38.46%
2019,Qtr 3,July,12,35.71%
2019,Qtr 3,July,14,15.38%
2019,Qtr 3,July,15,29.55%
2019,Qtr 3,July,16,50.00%
2019,Qtr 3,July,17,48.65%
2019,Qtr 3,July,18,28.26%
2019,Qtr 3,July,19,53.85%
2019,Qtr 3,July,20,33.33%
2019,Qtr 3,July,22,34.92%
2019,Qtr 3,July,23,48.21%
2019,Qtr 3,July,24,38.78%
2019,Qtr 3,July,25,24.32%
2019,Qtr 3,July,26,27.27%
2019,Qtr 3,July,27,0.00%
2019,Qtr 3,July,28,0.00%
2019,Qtr 3,July,29,30.56%
2019,Qtr 3,July,30,48.15%
2019,Qtr 3,July,31,31.11%
2019,Qtr 3,August,1,25.71%
2019,Qtr 3,August,2,46.43%
2019,Qtr 3,August,4,0.00%
2019,Qtr 3,August,5,46.81%
2019,Qtr 3,August,6,46.88%
2019,Qtr 3,August,7,45.45%
2019,Qtr 3,August,8,45.16%
2019,Qtr 3,August,9,31.43%
2019,Qtr 3,August,10,33.33%
2019,Qtr 3,August,11,14.29%
2019,Qtr 3,August,12,43.24%
2019,Qtr 3,August,13,32.89%
2019,Qtr 3,August,14,28.57%
2019,Qtr 3,August,15,42.00%
2019,Qtr 3,August,16,23.08%
2019,Qtr 3,August,18,100.00%
2019,Qtr 3,August,19,50.00%
2019,Qtr 3,August,20,40.35%
2019,Qtr 3,August,21,35.71%
2019,Qtr 3,August,22,34.04%
2019,Qtr 3,August,23,32.35%
2019,Qtr 3,August,24,0.00%
2019,Qtr 3,August,26,28.85%
2019,Qtr 3,August,27,32.79%
2019,Qtr 3,August,28,44.74%
2019,Qtr 3,August,29,32.43%
2019,Qtr 3,August,30,28.57%
2019,Qtr 3,September,1,100.00%
2019,Qtr 3,September,2,100.00%
2019,Qtr 3,September,3,49.06%
2019,Qtr 3,September,4,43.86%
2019,Qtr 3,September,5,35.42%
2019,Qtr 3,September,6,43.33%
2019,Qtr 3,September,8,100.00%
2019,Qtr 3,September,9,37.21%
2019,Qtr 3,September,10,42.86%
2019,Qtr 3,September,11,38.46%
2019,Qtr 3,September,12,31.82%
2019,Qtr 3,September,13,37.93%
2019,Qtr 3,September,15,33.33%
2019,Qtr 3,September,16,58.54%
2019,Qtr 3,September,17,42.65%
2019,Qtr 3,September,18,58.97%
2019,Qtr 3,September,19,23.53%
2019,Qtr 3,September,20,32.26%
2019,Qtr 3,September,21,33.33%
2019,Qtr 3,September,22,25.00%
2019,Qtr 3,September,23,50.00%
2019,Qtr 3,September,24,49.02%
2019,Qtr 3,September,25,29.41%
2019,Qtr 3,September,26,37.50%
2019,Qtr 3,September,27,33.33%
2019,Qtr 3,September,28,100.00%
2019,Qtr 3,September,30,42.11%
2019,Qtr 4,October,1,43.14%
2019,Qtr 4,October,2,33.33%
2019,Qtr 4,October,3,41.03%
2019,Qtr 4,October,4,28.57%
2019,Qtr 4,October,7,41.67%
2019,Qtr 4,October,8,46.97%
2019,Qtr 4,October,9,32.56%
2019,Qtr 4,October,10,32.00%
2019,Qtr 4,October,11,23.08%
2019,Qtr 4,October,12,33.33%
2019,Qtr 4,October,14,0.00%
2019,Qtr 4,October,15,33.33%
2019,Qtr 4,October,16,37.29%
2019,Qtr 4,October,17,46.51%
2019,Qtr 4,October,18,39.39%
2019,Qtr 4,October,21,34.29%
2019,Qtr 4,October,22,41.43%
2019,Qtr 4,October,23,48.72%
2019,Qtr 4,October,24,51.43%
2019,Qtr 4,October,25,43.48%
2019,Qtr 4,October,27,100.00%
2019,Qtr 4,October,28,43.48%
2019,Qtr 4,October,29,45.45%
2019,Qtr 4,October,30,51.35%
2019,Qtr 4,October,31,44.44%
2019,Qtr 4,November,1,35.29%
2019,Qtr 4,November,2,0.00%
2019,Qtr 4,November,3,0.00%
2019,Qtr 4,November,4,60.00%
2019,Qtr 4,November,5,38.33%
2019,Qtr 4,November,6,44.19%
2019,Qtr 4,November,7,32.61%
2019,Qtr 4,November,8,17.24%
2019,Qtr 4,November,10,100.00%
2019,Qtr 4,November,11,33.33%
2019,Qtr 4,November,12,32.93%
2019,Qtr 4,November,13,52.17%
2019,Qtr 4,November,14,47.06%
2019,Qtr 4,November,15,28.57%
2019,Qtr 4,November,17,0.00%
2019,Qtr 4,November,18,50.00%
2019,Qtr 4,November,19,32.14%
2019,Qtr 4,November,20,44.44%
2019,Qtr 4,November,21,43.18%
2019,Qtr 4,November,22,29.17%
2019,Qtr 4,November,23,0.00%
2019,Qtr 4,November,24,40.00%
2019,Qtr 4,November,25,42.11%
2019,Qtr 4,November,26,25.86%
2019,Qtr 4,November,27,21.05%
2019,Qtr 4,November,30,5.88%
2019,Qtr 4,December,1,0.00%
2019,Qtr 4,December,2,39.47%
2019,Qtr 4,December,3,27.87%
2019,Qtr 4,December,4,33.33%
2019,Qtr 4,December,5,23.08%
2019,Qtr 4,December,6,33.33%
2019,Qtr 4,December,9,44.19%
2019,Qtr 4,December,10,39.39%
2019,Qtr 4,December,11,28.21%
2019,Qtr 4,December,12,29.27%
2019,Qtr 4,December,13,34.21%
2019,Qtr 4,December,16,36.17%
2019,Qtr 4,December,17,32.50%
2019,Qtr 4,December,18,36.84%
2019,Qtr 4,December,19,46.43%
2019,Qtr 4,December,20,30.77%
2019,Qtr 4,December,21,0.00%
2019,Qtr 4,December,22,100.00%
2019,Qtr 4,December,23,58.33%
2019,Qtr 4,December,24,48.84%
2019,Qtr 4,December,26,30.00%
2019,Qtr 4,December,27,37.25%
2019,Qtr 4,December,29,0.00%
2019,Qtr 4,December,30,52.50%
2019,Qtr 4,December,31,45.83%
2020,Qtr 1,January,2,28.57%
2020,Qtr 1,January,3,53.66%
2020,Qtr 1,January,5,0.00%
2020,Qtr 1,January,6,46.67%
2020,Qtr 1,January,7,40.38%
2020,Qtr 1,January,8,45.83%
2020,Qtr 1,January,9,41.67%
2020,Qtr 1,January,10,35.90%
2020,Qtr 1,January,11,20.00%
2020,Qtr 1,January,12,0.00%
2020,Qtr 1,January,13,47.17%
2020,Qtr 1,January,14,34.00%
2020,Qtr 1,January,15,37.21%
2020,Qtr 1,January,16,33.33%
2020,Qtr 1,January,17,38.71%
2020,Qtr 1,January,20,0.00%
2020,Qtr 1,January,21,50.75%
2020,Qtr 1,January,22,50.00%
2020,Qtr 1,January,23,24.14%
2020,Qtr 1,January,24,48.65%
2020,Qtr 1,January,25,100.00%
2020,Qtr 1,January,26,0.00%
2020,Qtr 1,January,27,37.25%
2020,Qtr 1,January,28,42.03%
2020,Qtr 1,January,29,34.69%
2020,Qtr 1,January,30,25.49%
2020,Qtr 1,January,31,22.50%
2020,Qtr 1,February,2,100.00%
2020,Qtr 1,February,3,24.14%
2020,Qtr 1,February,4,49.02%
2020,Qtr 1,February,5,20.59%
2020,Qtr 1,February,6,37.50%
2020,Qtr 1,February,7,52.00%
2020,Qtr 1,February,9,60.00%
2020,Qtr 1,February,10,22.92%
2020,Qtr 1,February,11,32.81%
2020,Qtr 1,February,12,25.93%
2020,Qtr 1,February,13,21.82%
2020,Qtr 1,February,14,21.05%
2020,Qtr 1,February,18,49.18%
2020,Qtr 1,February,19,39.13%
2020,Qtr 1,February,20,31.25%
2020,Qtr 1,February,21,46.67%
2020,Qtr 1,February,22,18.18%
2020,Qtr 1,February,24,38.18%
2020,Qtr 1,February,25,45.10%
2020,Qtr 1,February,26,40.00%
2020,Qtr 1,February,27,37.93%
2020,Qtr 1,February,28,33.33%
2020,Qtr 1,February,29,100.00%
2020,Qtr 1,March,2,41.03%
2020,Qtr 1,March,3,38.89%
2020,Qtr 1,March,4,38.10%
2020,Qtr 1,March,5,44.19%
2020,Qtr 1,March,6,35.71%
2020,Qtr 1,March,9,37.50%
2020,Qtr 1,March,10,31.25%
2020,Qtr 1,March,11,25.71%
2020,Qtr 1,March,12,27.50%
2020,Qtr 1,March,13,30.43%
2020,Qtr 1,March,14,33.33%
2020,Qtr 1,March,15,100.00%
2020,Qtr 1,March,16,51.52%
2020,Qtr 1,March,17,42.86%
2020,Qtr 1,March,18,48.39%
2020,Qtr 1,March,19,41.94%
2020,Qtr 1,March,20,16.67%
2020,Qtr 1,March,22,25.00%
2020,Qtr 1,March,23,39.39%
2020,Qtr 1,March,24,57.14%
2020,Qtr 1,March,25,23.08%
2020,Qtr 1,March,26,71.43%
2020,Qtr 1,March,27,50.00%
2020,Qtr 1,March,29,0.00%
2020,Qtr 1,March,30,40.74%
2020,Qtr 1,March,31,66.67%
2020,Qtr 2,April,1,37.21%
2020,Qtr 2,April,2,34.38%
2020,Qtr 2,April,3,32.00%
2020,Qtr 2,April,4,100.00%
2020,Qtr 2,April,5,0.00%
2020,Qtr 2,April,6,43.24%
2020,Qtr 2,April,7,28.57%
2020,Qtr 2,April,8,53.33%
2020,Qtr 2,April,9,43.48%
2020,Qtr 2,April,10,50.00%
2020,Qtr 2,April,11,0.00%
2020,Qtr 2,April,12,33.33%
2020,Qtr 2,April,13,39.29%
2020,Qtr 2,April,14,34.29%
2020,Qtr 2,April,15,13.64%
2020,Qtr 2,April,16,30.77%
2020,Qtr 2,April,17,50.00%
2020,Qtr 2,April,19,0.00%
2020,Qtr 2,April,20,36.11%
2020,Qtr 2,April,21,52.63%
2020,Qtr 2,April,22,20.00%
2020,Qtr 2,April,23,31.82%
2020,Qtr 2,April,24,35.71%
2020,Qtr 2,April,25,0.00%
2020,Qtr 2,April,26,11.11%
2020,Qtr 2,April,27,36.84%
2020,Qtr 2,April,28,38.24%
2020,Qtr 2,April,29,35.00%
2020,Qtr 2,April,30,19.05%
2020,Qtr 2,May,1,37.04%
2020,Qtr 2,May,2,30.00%
2020,Qtr 2,May,3,25.00%
2020,Qtr 2,May,4,36.96%
2020,Qtr 2,May,5,33.33%
2020,Qtr 2,May,6,41.18%
2020,Qtr 2,May,7,27.59%
2020,Qtr 2,May,8,21.05%
2020,Qtr 2,May,9,0.00%
2020,Qtr 2,May,10,33.33%
2020,Qtr 2,May,11,28.21%
2020,Qtr 2,May,12,36.36%
2020,Qtr 2,May,13,33.33%
2020,Qtr 2,May,14,33.33%
2020,Qtr 2,May,15,32.14%
2020,Qtr 2,May,16,0.00%
2020,Qtr 2,May,17,36.36%
2020,Qtr 2,May,18,42.50%
2020,Qtr 2,May,19,31.71%
2020,Qtr 2,May,20,41.67%
2020,Qtr 2,May,21,24.00%
2020,Qtr 2,May,22,11.11%
2020,Qtr 2,May,23,0.00%
2020,Qtr 2,May,24,66.67%
2020,Qtr 2,May,25,0.00%
2020,Qtr 2,May,26,21.25%
2020,Qtr 2,May,27,39.13%
2020,Qtr 2,May,28,26.67%
2020,Qtr 2,May,29,23.08%
2020,Qtr 2,May,30,0.00%
2020,Qtr 2,May,31,20.00%
2020,Qtr 2,June,1,30.77%
2020,Qtr 2,June,2,31.43%
2020,Qtr 2,June,3,34.62%
2020,Qtr 2,June,4,30.00%
2020,Qtr 2,June,5,42.11%
2020,Qtr 2,June,6,0.00%
2020,Qtr 2,June,7,0.00%
2020,Qtr 2,June,8,34.38%
2020,Qtr 2,June,9,30.30%
2020,Qtr 2,June,10,36.59%
2020,Qtr 2,June,11,25.00%
2020,Qtr 2,June,12,22.86%
2020,Qtr 2,June,13,16.67%
2020,Qtr 2,June,14,0.00%
2020,Qtr 2,June,15,40.00%
2020,Qtr 2,June,16,60.00%
2020,Qtr 2,June,17,35.00%
2020,Qtr 2,June,18,44.44%
2020,Qtr 2,June,19,38.46%
2020,Qtr 2,June,20,25.00%
2020,Qtr 2,June,21,50.00%
2020,Qtr 2,June,22,51.85%
2020,Qtr 2,June,23,32.35%
2020,Qtr 2,June,24,28.21%
2020,Qtr 2,June,25,25.58%
2020,Qtr 2,June,26,34.48%
2020,Qtr 2,June,27,0.00%
2020,Qtr 2,June,28,66.67%
2020,Qtr 2,June,29,36.67%
2020,Qtr 2,June,30,34.15%
2020,Qtr 3,July,1,36.59%
2020,Qtr 3,July,2,34.78%
2020,Qtr 3,July,4,33.33%
2020,Qtr 3,July,5,20.00%
2020,Qtr 3,July,6,40.00%
2020,Qtr 3,July,7,48.08%
2020,Qtr 3,July,8,38.46%
2020,Qtr 3,July,9,13.04%
2020,Qtr 3,July,10,61.11%
2020,Qtr 3,July,11,50.00%
2020,Qtr 3,July,12,80.00%
2020,Qtr 3,July,13,30.00%
2020,Qtr 3,July,14,31.15%
2020,Qtr 3,July,15,17.39%
2020,Qtr 3,July,16,43.48%
2020,Qtr 3,July,17,23.81%
2020,Qtr 3,July,18,33.33%
2020,Qtr 3,July,19,25.00%
2020,Qtr 3,July,20,39.13%
2020,Qtr 3,July,21,36.84%
2020,Qtr 3,July,22,20.00%
2020,Qtr 3,July,23,21.43%
2020,Qtr 3,July,24,15.79%
2020,Qtr 3,July,25,0.00%
2020,Qtr 3,July,26,28.57%
2020,Qtr 3,July,27,27.03%
2020,Qtr 3,July,28,42.00%
2020,Qtr 3,July,29,23.08%
2020,Qtr 3,July,30,38.46%
2020,Qtr 3,July,31,41.67%
2020,Qtr 3,August,1,0.00%
2020,Qtr 3,August,2,46.15%
2020,Qtr 3,August,3,42.42%
2020,Qtr 3,August,4,37.93%
2020,Qtr 3,August,5,30.00%
2020,Qtr 3,August,6,35.48%
2020,Qtr 3,August,7,42.11%
2020,Qtr 3,August,8,0.00%
2020,Qtr 3,August,10,32.35%
2020,Qtr 3,August,11,36.36%
2020,Qtr 3,August,12,27.59%
2020,Qtr 3,August,13,31.91%
2020,Qtr 3,August,14,25.00%
2020,Qtr 3,August,17,43.75%
2020,Qtr 3,August,18,31.58%
2020,Qtr 3,August,19,29.63%
2020,Qtr 3,August,20,50.00%
2020,Qtr 3,August,21,44.44%
2020,Qtr 3,August,22,0.00%
2020,Qtr 3,August,23,20.00%
2020,Qtr 3,August,24,45.71%
2020,Qtr 3,August,25,28.30%
2020,Qtr 3,August,26,23.81%
2020,Qtr 3,August,27,36.59%
2020,Qtr 3,August,28,18.52%
2020,Qtr 3,August,29,0.00%
2020,Qtr 3,August,30,30.00%
2020,Qtr 3,August,31,42.42%
2020,Qtr 3,September,1,19.15%
2020,Qtr 3,September,2,33.33%
2020,Qtr 3,September,3,18.75%
2020,Qtr 3,September,4,16.22%
2020,Qtr 3,September,5,0.00%
2020,Qtr 3,September,6,0.00%
2020,Qtr 3,September,7,0.00%
2020,Qtr 3,September,8,30.77%
2020,Qtr 3,September,9,25.00%
2020,Qtr 3,September,10,42.42%
2020,Qtr 3,September,11,15.63%
2020,Qtr 3,September,12,40.00%
2020,Qtr 3,September,13,14.29%
2020,Qtr 3,September,14,41.94%
2020,Qtr 3,September,15,43.90%
2020,Qtr 3,September,16,32.26%
2020,Qtr 3,September,17,14.81%
2020,Qtr 3,September,18,18.18%
2020,Qtr 3,September,19,0.00%
2020,Qtr 3,September,20,20.00%
2020,Qtr 3,September,21,32.56%
2020,Qtr 3,September,22,35.56%
2020,Qtr 3,September,23,26.83%
2020,Qtr 3,September,24,16.67%
2020,Qtr 3,September,25,29.41%
2020,Qtr 3,September,26,60.00%
2020,Qtr 3,September,27,0.00%
2020,Qtr 3,September,28,38.89%
2020,Qtr 3,September,29,37.21%
2020,Qtr 3,September,30,14.71%
2020,Qtr 4,October,1,36.67%
2020,Qtr 4,October,2,22.50%
2020,Qtr 4,October,3,60.00%
2020,Qtr 4,October,4,33.33%
2020,Qtr 4,October,5,34.55%
2020,Qtr 4,October,6,37.14%
2020,Qtr 4,October,7,26.83%
2020,Qtr 4,October,8,35.71%
2020,Qtr 4,October,9,37.50%
2020,Qtr 4,October,10,66.67%
2020,Qtr 4,October,11,0.00%
2020,Qtr 4,October,12,33.33%
2020,Qtr 4,October,13,36.36%
2020,Qtr 4,October,14,30.00%
2020,Qtr 4,October,15,41.94%
2020,Qtr 4,October,16,24.24%
2020,Qtr 4,October,17,20.00%
2020,Qtr 4,October,18,20.00%
2020,Qtr 4,October,19,32.50%
2020,Qtr 4,October,20,27.78%
2020,Qtr 4,October,21,16.22%
2020,Qtr 4,October,22,44.44%
2020,Qtr 4,October,23,36.36%
2020,Qtr 4,October,25,14.29%
2020,Qtr 4,October,26,25.81%
2020,Qtr 4,October,27,38.30%
2020,Qtr 4,October,28,31.43%
2020,Qtr 4,October,29,38.24%
2020,Qtr 4,October,30,43.75%
2020,Qtr 4,October,31,0.00%
2020,Qtr 4,November,1,0.00%
2020,Qtr 4,November,2,33.33%
2020,Qtr 4,November,3,37.04%
2020,Qtr 4,November,4,24.14%
2020,Qtr 4,November,5,23.53%
2020,Qtr 4,November,6,41.18%
2020,Qtr 4,November,7,42.86%
2020,Qtr 4,November,8,15.38%
2020,Qtr 4,November,9,38.24%
2020,Qtr 4,November,10,22.00%
2020,Qtr 4,November,11,0.00%
2020,Qtr 4,November,12,19.15%
2020,Qtr 4,November,13,20.00%
2020,Qtr 4,November,14,0.00%
2020,Qtr 4,November,15,0.00%
2020,Qtr 4,November,16,34.78%
2020,Qtr 4,November,17,40.91%
2020,Qtr 4,November,18,32.26%
2020,Qtr 4,November,19,15.00%
2020,Qtr 4,November,20,44.44%
2020,Qtr 4,November,21,0.00%
2020,Qtr 4,November,22,0.00%
2020,Qtr 4,November,23,16.67%
2020,Qtr 4,November,24,31.11%
2020,Qtr 4,November,25,29.17%
2020,Qtr 4,November,28,33.33%
2020,Qtr 4,November,29,0.00%
2020,Qtr 4,November,30,29.51%
2020,Qtr 4,December,1,39.29%
2020,Qtr 4,December,2,16.28%
2020,Qtr 4,December,3,29.79%
2020,Qtr 4,December,4,32.26%
2020,Qtr 4,December,5,0.00%
2020,Qtr 4,December,6,50.00%
2020,Qtr 4,December,7,25.00%
2020,Qtr 4,December,8,21.62%
2020,Qtr 4,December,9,3.13%
2020,Qtr 4,December,10,26.47%
2020,Qtr 4,December,11,28.21%
2020,Qtr 4,December,12,14.29%
2020,Qtr 4,December,13,25.00%
2020,Qtr 4,December,14,18.60%
2020,Qtr 4,December,15,37.50%
2020,Qtr 4,December,16,27.91%
2020,Qtr 4,December,17,32.26%
2020,Qtr 4,December,18,17.86%
2020,Qtr 4,December,19,60.00%
2020,Qtr 4,December,20,80.00%
2020,Qtr 4,December,21,42.86%
2020,Qtr 4,December,22,40.74%
2020,Qtr 4,December,23,41.67%
2020,Qtr 4,December,24,30.77%
2020,Qtr 4,December,25,33.33%
2020,Qtr 4,December,26,100.00%
2020,Qtr 4,December,27,0.00%
2020,Qtr 4,December,28,34.15%
2020,Qtr 4,December,29,37.25%
2020,Qtr 4,December,30,31.43%
2020,Qtr 4,December,31,27.59%
2021,Qtr 1,January,2,100.00%
2021,Qtr 1,January,4,32.73%
2021,Qtr 1,January,5,34.78%
2021,Qtr 1,January,6,18.52%
2021,Qtr 1,January,7,17.14%
2021,Qtr 1,January,8,26.53%
2021,Qtr 1,January,9,0.00%
2021,Qtr 1,January,10,33.33%
2021,Qtr 1,January,11,24.56%
2021,Qtr 1,January,12,39.13%
2021,Qtr 1,January,13,24.39%
2021,Qtr 1,January,14,36.36%
2021,Qtr 1,January,15,30.00%
2021,Qtr 1,January,16,0.00%
2021,Qtr 1,January,17,0.00%
2021,Qtr 1,January,18,50.00%
2021,Qtr 1,January,19,31.11%
2021,Qtr 1,January,20,27.87%
2021,Qtr 1,January,21,30.23%
2021,Qtr 1,January,22,44.83%
2021,Qtr 1,January,23,0.00%
2021,Qtr 1,January,24,16.67%
2021,Qtr 1,January,25,20.51%
2021,Qtr 1,January,26,40.91%
2021,Qtr 1,January,27,33.33%
2021,Qtr 1,January,28,32.35%
2021,Qtr 1,January,29,33.33%
2021,Qtr 1,January,30,100.00%
2021,Qtr 1,January,31,33.33%
2021,Qtr 1,February,1,28.21%
2021,Qtr 1,February,2,20.51%
2021,Qtr 1,February,3,30.19%
2021,Qtr 1,February,4,29.73%
2021,Qtr 1,February,5,33.33%
2021,Qtr 1,February,6,50.00%
2021,Qtr 1,February,7,0.00%
2021,Qtr 1,February,8,34.09%
2021,Qtr 1,February,9,24.59%
2021,Qtr 1,February,10,22.00%
2021,Qtr 1,February,11,29.17%
2021,Qtr 1,February,12,29.27%
2021,Qtr 1,February,13,50.00%
2021,Qtr 1,February,14,11.11%
2021,Qtr 1,February,15,75.00%
2021,Qtr 1,February,16,26.32%
2021,Qtr 1,February,17,21.88%
2021,Qtr 1,February,18,41.46%
2021,Qtr 1,February,19,38.46%
2021,Qtr 1,February,20,100.00%
2021,Qtr 1,February,21,50.00%
2021,Qtr 1,February,22,52.46%
2021,Qtr 1,February,23,42.11%
2021,Qtr 1,February,24,20.51%
2021,Qtr 1,February,25,32.14%
2021,Qtr 1,February,26,17.24%
2021,Qtr 1,February,28,25.00%
2021,Qtr 1,March,1,38.64%
2021,Qtr 1,March,2,38.10%
2021,Qtr 1,March,3,24.24%
2021,Qtr 1,March,4,35.42%
2021,Qtr 1,March,5,20.00%
2021,Qtr 1,March,6,0.00%
2021,Qtr 1,March,7,0.00%
2021,Qtr 1,March,8,30.43%
2021,Qtr 1,March,9,25.45%
2021,Qtr 1,March,10,34.48%
2021,Qtr 1,March,11,22.86%
2021,Qtr 1,March,12,22.50%
2021,Qtr 1,March,13,20.00%
2021,Qtr 1,March,14,42.86%
2021,Qtr 1,March,15,21.15%
2021,Qtr 1,March,16,27.91%
2021,Qtr 1,March,17,42.86%
2021,Qtr 1,March,18,29.63%
2021,Qtr 1,March,19,30.95%
2021,Qtr 1,March,22,26.42%
2021,Qtr 1,March,23,30.36%
2021,Qtr 1,March,24,40.63%
2021,Qtr 1,March,25,42.50%
2021,Qtr 1,March,26,31.25%
2021,Qtr 1,March,27,0.00%
2021,Qtr 1,March,28,0.00%
2021,Qtr 1,March,29,21.43%
2021,Qtr 1,March,30,27.12%
2021,Qtr 1,March,31,100.00%
2021,Qtr 2,April,1,22.22%
2021,Qtr 2,April,2,28.95%
2021,Qtr 2,April,4,33.33%
2021,Qtr 2,April,5,23.91%
2021,Qtr 2,April,6,37.78%
2021,Qtr 2,April,7,40.00%
2021,Qtr 2,April,8,29.73%
2021,Qtr 2,April,9,13.04%
2021,Qtr 2,April,11,0.00%
2021,Qtr 2,April,12,32.61%
2021,Qtr 2,April,13,39.47%
2021,Qtr 2,April,14,27.91%
2021,Qtr 2,April,15,37.50%
2021,Qtr 2,April,16,38.10%
2021,Qtr 2,April,17,0.00%
2021,Qtr 2,April,18,0.00%
2021,Qtr 2,April,19,34.88%
2021,Qtr 2,April,20,30.51%
2021,Qtr 2,April,21,31.25%
2021,Qtr 2,April,22,43.24%
2021,Qtr 2,April,23,21.88%
2021,Qtr 2,April,24,0.00%
2021,Qtr 2,April,25,0.00%
2021,Qtr 2,April,26,37.04%
2021,Qtr 2,April,27,45.24%
2021,Qtr 2,April,28,26.83%
2021,Qtr 2,April,29,22.58%
2021,Qtr 2,April,30,20.00%
2021,Qtr 2,May,2,9.09%
2021,Qtr 2,May,3,25.93%
2021,Qtr 2,May,4,34.69%
2021,Qtr 2,May,5,52.38%
2021,Qtr 2,May,6,36.84%
2021,Qtr 2,May,7,31.58%
2021,Qtr 2,May,8,0.00%
2021,Qtr 2,May,9,33.33%
2021,Qtr 2,May,10,25.49%
2021,Qtr 2,May,11,28.30%
2021,Qtr 2,May,12,26.67%
2021,Qtr 2,May,13,20.59%
2021,Qtr 2,May,14,19.35%
2021,Qtr 2,May,16,0.00%
2021,Qtr 2,May,17,50.00%
2021,Qtr 2,May,18,29.63%
2021,Qtr 2,May,19,38.46%
2021,Qtr 2,May,20,20.69%
2021,Qtr 2,May,21,28.57%
2021,Qtr 2,May,23,0.00%
2021,Qtr 2,May,24,25.81%
2021,Qtr 2,May,25,28.89%
2021,Qtr 2,May,26,29.63%
2021,Qtr 2,May,27,30.43%
2021,Qtr 2,May,28,25.93%
2021,Qtr 2,May,30,0.00%
2021,Qtr 2,May,31,0.00%
2021,Qtr 2,June,1,36.17%
2021,Qtr 2,June,2,27.91%
2021,Qtr 2,June,3,48.48%
2021,Qtr 2,June,4,25.00%
2021,Qtr 2,June,5,33.33%
2021,Qtr 2,June,6,0.00%
2021,Qtr 2,June,7,39.02%
2021,Qtr 2,June,8,24.49%
2021,Qtr 2,June,9,24.53%
2021,Qtr 2,June,10,37.14%
2021,Qtr 2,June,11,17.86%
2021,Qtr 2,June,12,0.00%
2021,Qtr 2,June,13,25.00%
2021,Qtr 2,June,14,28.26%
2021,Qtr 2,June,15,44.44%
2021,Qtr 2,June,16,26.67%
2021,Qtr 2,June,17,30.30%
2021,Qtr 2,June,18,28.57%
2021,Qtr 2,June,19,0.00%
2021,Qtr 2,June,21,31.71%
2021,Qtr 2,June,22,29.73%
2021,Qtr 2,June,23,31.58%
2021,Qtr 2,June,24,27.78%
2021,Qtr 2,June,25,20.00%
2021,Qtr 2,June,27,0.00%
2021,Qtr 2,June,28,34.21%
2021,Qtr 2,June,29,33.33%
2021,Qtr 2,June,30,26.92%
2021,Qtr 3,July,1,29.79%
2021,Qtr 3,July,2,38.46%
2021,Qtr 3,July,3,0.00%
2021,Qtr 3,July,4,0.00%
2021,Qtr 3,July,5,0.00%
2021,Qtr 3,July,6,50.00%
2021,Qtr 3,July,7,34.00%
2021,Qtr 3,July,8,33.33%
2021,Qtr 3,July,9,29.17%
2021,Qtr 3,July,10,0.00%
2021,Qtr 3,July,11,28.57%
2021,Qtr 3,July,12,32.20%
2021,Qtr 3,July,13,24.07%
2021,Qtr 3,July,14,18.00%
2021,Qtr 3,July,15,33.33%
2021,Qtr 3,July,16,41.18%
2021,Qtr 3,July,18,16.67%
2021,Qtr 3,July,19,25.81%
2021,Qtr 3,July,20,38.78%
2021,Qtr 3,July,21,18.18%
2021,Qtr 3,July,22,25.00%
2021,Qtr 3,July,23,18.75%
2021,Qtr 3,July,24,0.00%
2021,Qtr 3,July,25,50.00%
2021,Qtr 3,July,26,40.00%
2021,Qtr 3,July,27,43.14%
2021,Qtr 3,July,28,14.58%
2021,Qtr 3,July,29,23.53%
2021,Qtr 3,July,30,21.88%
2021,Qtr 3,July,31,50.00%
2021,Qtr 3,August,1,33.33%
2021,Qtr 3,August,2,36.36%
2021,Qtr 3,August,3,34.00%
2021,Qtr 3,August,4,5.26%
2021,Qtr 3,August,5,20.00%
2021,Qtr 3,August,6,35.00%
2021,Qtr 3,August,7,66.67%
2021,Qtr 3,August,8,35.71%
2021,Qtr 3,August,9,36.96%
2021,Qtr 3,August,10,38.98%
2021,Qtr 3,August,11,23.08%
2021,Qtr 3,August,12,8.82%
2021,Qtr 3,August,13,20.69%
2021,Qtr 3,August,14,10.00%
2021,Qtr 3,August,15,0.00%
2021,Qtr 3,August,16,52.00%
2021,Qtr 3,August,17,37.14%
2021,Qtr 3,August,18,21.62%
2021,Qtr 3,August,19,11.54%
2021,Qtr 3,August,20,10.71%
2021,Qtr 3,August,21,0.00%
2021,Qtr 3,August,22,75.00%
2021,Qtr 3,August,23,33.33%
2021,Qtr 3,August,24,30.30%
2021,Qtr 3,August,25,46.67%
2021,Qtr 3,August,26,34.21%
2021,Qtr 3,August,27,47.62%
2021,Qtr 3,August,28,25.00%
2021,Qtr 3,August,29,0.00%
2021,Qtr 3,August,30,33.33%
2021,Qtr 3,August,31,23.73%
2021,Qtr 3,September,1,38.10%
2021,Qtr 3,September,2,26.32%
2021,Qtr 3,September,3,37.93%
2021,Qtr 3,September,4,0.00%
2021,Qtr 3,September,5,0.00%
2021,Qtr 3,September,6,42.86%
2021,Qtr 3,September,7,22.22%
2021,Qtr 3,September,8,34.48%
2021,Qtr 3,September,9,35.71%
2021,Qtr 3,September,10,16.67%
2021,Qtr 3,September,11,0.00%
2021,Qtr 3,September,12,0.00%
2021,Qtr 3,September,13,31.11%
2021,Qtr 3,September,14,30.77%
2021,Qtr 3,September,15,20.69%
2021,Qtr 3,September,16,30.77%
2021,Qtr 3,September,17,56.25%
2021,Qtr 3,September,19,0.00%
2021,Qtr 3,September,20,28.57%
2021,Qtr 3,September,21,32.56%
2021,Qtr 3,September,22,40.63%
2021,Qtr 3,September,23,24.44%
2021,Qtr 3,September,24,26.67%
2021,Qtr 3,September,25,0.00%
2021,Qtr 3,September,26,0.00%
2021,Qtr 3,September,27,42.50%
2021,Qtr 3,September,28,46.34%
2021,Qtr 3,September,29,30.77%
2021,Qtr 3,September,30,40.63%
2021,Qtr 4,October,1,37.50%
2021,Qtr 4,October,2,0.00%
2021,Qtr 4,October,3,0.00%
2021,Qtr 4,October,4,41.18%
2021,Qtr 4,October,5,40.85%
2021,Qtr 4,October,6,28.57%
2021,Qtr 4,October,7,44.12%
2021,Qtr 4,October,8,22.22%
2021,Qtr 4,October,9,100.00%
2021,Qtr 4,October,10,0.00%
2021,Qtr 4,October,11,36.36%
2021,Qtr 4,October,12,29.69%
2021,Qtr 4,October,13,20.00%
2021,Qtr 4,October,14,20.00%
2021,Qtr 4,October,15,25.93%
2021,Qtr 4,October,16,0.00%
2021,Qtr 4,October,17,20.00%
2021,Qtr 4,October,18,41.03%
2021,Qtr 4,October,19,40.00%
2021,Qtr 4,October,20,21.74%
2021,Qtr 4,October,21,39.47%
2021,Qtr 4,October,22,32.00%
2021,Qtr 4,October,23,50.00%
2021,Qtr 4,October,24,0.00%
2021,Qtr 4,October,25,36.54%
2021,Qtr 4,October,26,25.53%
2021,Qtr 4,October,27,28.13%
2021,Qtr 4,October,28,21.74%
2021,Qtr 4,October,29,29.17%
2021,Qtr 4,October,30,0.00%
2021,Qtr 4,November,1,34.69%
2021,Qtr 4,November,2,25.00%
2021,Qtr 4,November,3,25.00%
2021,Qtr 4,November,4,36.11%
2021,Qtr 4,November,5,16.13%
2021,Qtr 4,November,6,100.00%
2021,Qtr 4,November,7,50.00%
2021,Qtr 4,November,8,32.56%
2021,Qtr 4,November,9,34.09%
2021,Qtr 4,November,10,30.19%
2021,Qtr 4,November,11,0.00%
2021,Qtr 4,November,12,44.12%
2021,Qtr 4,November,13,10.00%
2021,Qtr 4,November,14,10.00%
2021,Qtr 4,November,15,31.71%
2021,Qtr 4,November,16,45.45%
2021,Qtr 4,November,17,20.69%
2021,Qtr 4,November,18,27.59%
2021,Qtr 4,November,19,28.57%
2021,Qtr 4,November,20,0.00%
2021,Qtr 4,November,21,0.00%
2021,Qtr 4,November,22,42.31%
2021,Qtr 4,November,23,30.43%
2021,Qtr 4,November,24,14.29%
2021,Qtr 4,November,25,0.00%
2021,Qtr 4,November,28,0.00%
2021,Qtr 4,November,29,27.08%
2021,Qtr 4,November,30,15.46%
2021,Qtr 4,December,1,22.22%
2021,Qtr 4,December,2,21.21%
2021,Qtr 4,December,3,27.78%
2021,Qtr 4,December,5,50.00%
2021,Qtr 4,December,6,28.57%
2021,Qtr 4,December,7,35.56%
2021,Qtr 4,December,8,31.43%
2021,Qtr 4,December,9,21.74%
2021,Qtr 4,December,10,21.95%
2021,Qtr 4,December,11,33.33%
2021,Qtr 4,December,12,0.00%
2021,Qtr 4,December,13,15.22%
2021,Qtr 4,December,14,12.12%
2021,Qtr 4,December,15,30.00%
2021,Qtr 4,December,16,16.67%
2021,Qtr 4,December,17,25.00%
2021,Qtr 4,December,18,50.00%
2021,Qtr 4,December,19,0.00%
2021,Qtr 4,December,20,31.82%
2021,Qtr 4,December,21,28.30%
2021,Qtr 4,December,22,24.32%
2021,Qtr 4,December,23,45.83%
2021,Qtr 4,December,27,17.24%
2021,Qtr 4,December,28,30.00%
2021,Qtr 4,December,29,29.17%
2021,Qtr 4,December,30,21.74%
2022,Qtr 1,January,2,0.00%
2022,Qtr 1,January,3,38.64%
2022,Qtr 1,January,4,32.65%
2022,Qtr 1,January,5,31.03%
2022,Qtr 1,January,6,30.77%
2022,Qtr 1,January,7,14.29%
2022,Qtr 1,January,8,0.00%
2022,Qtr 1,January,9,16.67%
2022,Qtr 1,January,10,31.71%
2022,Qtr 1,January,11,16.67%
2022,Qtr 1,January,12,18.75%
2022,Qtr 1,January,13,27.78%
2022,Qtr 1,January,14,21.05%
2022,Qtr 1,January,16,0.00%
2022,Qtr 1,January,17,0.00%
2022,Qtr 1,January,18,45.00%
2022,Qtr 1,January,19,27.91%
2022,Qtr 1,January,20,21.88%
2022,Qtr 1,January,21,28.00%
2022,Qtr 1,January,22,66.67%
2022,Qtr 1,January,24,27.50%
2022,Qtr 1,January,25,31.03%
2022,Qtr 1,January,26,28.95%
2022,Qtr 1,January,27,34.48%
2022,Qtr 1,January,28,13.16%
2022,Qtr 1,January,29,0.00%
2022,Qtr 1,January,30,66.67%
2022,Qtr 1,January,31,38.00%
2022,Qtr 1,February,1,30.36%
2022,Qtr 1,February,2,45.10%
2022,Qtr 1,February,3,22.22%
2022,Qtr 1,February,4,6.67%
2022,Qtr 1,February,6,12.50%
2022,Qtr 1,February,7,18.18%
2022,Qtr 1,February,8,36.96%
2022,Qtr 1,February,9,29.41%
2022,Qtr 1,February,10,30.77%
2022,Qtr 1,February,11,27.27%
2022,Qtr 1,February,12,0.00%
2022,Qtr 1,February,13,0.00%
2022,Qtr 1,February,14,18.03%
2022,Qtr 1,February,15,24.59%
2022,Qtr 1,February,16,24.00%
2022,Qtr 1,February,17,25.81%
2022,Qtr 1,February,18,9.09%
2022,Qtr 1,February,21,0.00%
2022,Qtr 1,February,22,41.86%
2022,Qtr 1,February,23,28.89%
2022,Qtr 1,February,24,40.00%
2022,Qtr 1,February,25,29.03%
2022,Qtr 1,February,26,25.00%
2022,Qtr 1,February,28,30.77%
2022,Qtr 1,March,1,25.00%
2022,Qtr 1,March,2,21.28%
2022,Qtr 1,March,3,22.64%
2022,Qtr 1,March,4,37.14%
2022,Qtr 1,March,6,0.00%
2022,Qtr 1,March,7,28.85%
2022,Qtr 1,March,8,16.85%
2022,Qtr 1,March,9,20.00%
2022,Qtr 1,March,10,36.36%
2022,Qtr 1,March,11,31.58%
2022,Qtr 1,March,12,0.00%
2022,Qtr 1,March,13,0.00%
2022,Qtr 1,March,14,37.68%
2022,Qtr 1,March,15,31.88%
2022,Qtr 1,March,16,27.27%
2022,Qtr 1,March,17,20.51%
2022,Qtr 1,March,18,12.50%
2022,Qtr 1,March,19,0.00%
2022,Qtr 1,March,21,31.48%
2022,Qtr 1,March,22,28.36%
2022,Qtr 1,March,23,26.19%
2022,Qtr 1,March,24,19.15%
2022,Qtr 1,March,25,11.11%
2022,Qtr 1,March,27,0.00%
2022,Qtr 1,March,28,28.57%
2022,Qtr 1,March,29,15.79%
2022,Qtr 1,March,30,18.18%
2022,Qtr 1,March,31,50.00%
2022,Qtr 2,April,1,40.00%
2022,Qtr 2,April,2,0.00%
2022,Qtr 2,April,3,0.00%
2022,Qtr 2,April,4,25.93%
2022,Qtr 2,April,5,27.27%
2022,Qtr 2,April,6,23.08%
2022,Qtr 2,April,7,22.00%
2022,Qtr 2,April,8,26.92%
2022,Qtr 2,April,11,42.31%
2022,Qtr 2,April,12,28.95%
2022,Qtr 2,April,13,28.57%
2022,Qtr 2,April,14,23.81%
2022,Qtr 2,April,15,29.03%
2022,Qtr 2,April,17,0.00%
2022,Qtr 2,April,18,28.57%
2022,Qtr 2,April,19,20.93%
2022,Qtr 2,April,20,22.50%
2022,Qtr 2,April,21,20.51%
2022,Qtr 2,April,22,25.00%
2022,Qtr 2,April,24,0.00%
2022,Qtr 2,April,25,18.75%
2022,Qtr 2,April,26,36.17%
2022,Qtr 2,April,27,40.00%
2022,Qtr 2,April,28,35.29%
2022,Qtr 2,April,29,40.74%
2022,Qtr 2,May,1,16.67%
2022,Qtr 2,May,2,36.73%
2022,Qtr 2,May,3,17.86%
2022,Qtr 2,May,4,25.00%
2022,Qtr 2,May,5,23.68%
2022,Qtr 2,May,6,23.53%
2022,Qtr 2,May,7,25.00%
2022,Qtr 2,May,8,0.00%
2022,Qtr 2,May,9,26.42%
2022,Qtr 2,May,10,42.55%
2022,Qtr 2,May,11,30.00%
2022,Qtr 2,May,12,31.37%
2022,Qtr 2,May,13,23.26%
2022,Qtr 2,May,14,15.38%
2022,Qtr 2,May,16,26.23%
2022,Qtr 2,May,17,41.18%
2022,Qtr 2,May,18,25.00%
2022,Qtr 2,May,19,38.89%
2022,Qtr 2,May,20,15.91%
2022,Qtr 2,May,22,100.00%
2022,Qtr 2,May,23,28.26%
2022,Qtr 2,May,24,39.29%
2022,Qtr 2,May,25,14.29%
2022,Qtr 2,May,26,35.00%
2022,Qtr 2,May,27,35.48%
2022,Qtr 2,May,28,0.00%
2022,Qtr 2,May,29,0.00%
2022,Qtr 2,May,30,0.00%
2022,Qtr 2,May,31,19.64%
2022,Qtr 2,June,1,28.89%
2022,Qtr 2,June,2,17.07%
2022,Qtr 2,June,3,10.53%
2022,Qtr 2,June,4,0.00%
2022,Qtr 2,June,5,0.00%
2022,Qtr 2,June,6,36.84%
2022,Qtr 2,June,7,34.48%
2022,Qtr 2,June,8,22.92%
2022,Qtr 2,June,9,20.41%
2022,Qtr 2,June,10,23.33%
2022,Qtr 2,June,11,0.00%
2022,Qtr 2,June,12,0.00%
2022,Qtr 2,June,13,17.54%
2022,Qtr 2,June,14,30.77%
2022,Qtr 2,June,15,32.61%
2022,Qtr 2,June,16,26.47%
2022,Qtr 2,June,17,25.58%
2022,Qtr 2,June,19,0.00%
2022,Qtr 2,June,20,30.56%
2022,Qtr 2,June,21,23.08%
2022,Qtr 2,June,22,24.39%
2022,Qtr 2,June,23,20.59%
2022,Qtr 2,June,24,24.49%
2022,Qtr 2,June,26,50.00%
2022,Qtr 2,June,27,32.86%
2022,Qtr 2,June,28,23.08%
2022,Qtr 2,June,29,17.95%
2022,Qtr 2,June,30,24.14%
2022,Qtr 3,July,1,25.00%
2022,Qtr 3,July,4,33.33%
2022,Qtr 3,July,5,34.38%
2022,Qtr 3,July,6,30.00%
2022,Qtr 3,July,7,25.58%
2022,Qtr 3,July,8,25.00%
2022,Qtr 3,July,9,0.00%
2022,Qtr 3,July,10,0.00%
2022,Qtr 3,July,11,36.00%
2022,Qtr 3,July,12,24.24%
2022,Qtr 3,July,13,38.30%
2022,Qtr 3,July,14,17.54%
2022,Qtr 3,July,15,14.81%
2022,Qtr 3,July,18,36.00%
2022,Qtr 3,July,19,38.18%
2022,Qtr 3,July,20,35.29%
2022,Qtr 3,July,21,39.47%
2022,Qtr 3,July,22,29.73%
2022,Qtr 3,July,23,12.50%
2022,Qtr 3,July,24,33.33%
2022,Qtr 3,July,25,33.33%
2022,Qtr 3,July,26,50.00%
2022,Qtr 3,July,27,22.50%
2022,Qtr 3,July,28,32.56%
2022,Qtr 3,July,29,30.00%
2022,Qtr 3,August,1,48.78%
2022,Qtr 3,August,2,30.91%
2022,Qtr 3,August,3,9.38%
2022,Qtr 3,August,4,39.47%
2022,Qtr 3,August,5,40.91%
2022,Qtr 3,August,6,0.00%
2022,Qtr 3,August,7,0.00%
2022,Qtr 3,August,8,24.29%
2022,Qtr 3,August,9,30.43%
2022,Qtr 3,August,10,18.46%
2022,Qtr 3,August,11,24.49%
2022,Qtr 3,August,12,32.26%
2022,Qtr 3,August,13,100.00%
2022,Qtr 3,August,14,8.70%
2022,Qtr 3,August,15,25.53%
2022,Qtr 3,August,16,27.45%
2022,Qtr 3,August,17,28.57%
2022,Qtr 3,August,18,38.89%
2022,Qtr 3,August,19,30.00%
2022,Qtr 3,August,20,66.67%
2022,Qtr 3,August,21,0.00%
2022,Qtr 3,August,22,25.00%
2022,Qtr 3,August,23,30.23%
2022,Qtr 3,August,24,34.21%
2022,Qtr 3,August,25,27.03%
2022,Qtr 3,August,26,29.17%
2022,Qtr 3,August,27,100.00%
2022,Qtr 3,August,28,18.18%
2022,Qtr 3,August,29,34.85%
2022,Qtr 3,August,30,36.71%
2022,Qtr 3,August,31,30.43%
2022,Qtr 3,September,1,35.71%
2022,Qtr 3,September,2,27.27%
2022,Qtr 3,September,4,0.00%
2022,Qtr 3,September,5,0.00%
2022,Qtr 3,September,6,33.33%
2022,Qtr 3,September,7,22.22%
2022,Qtr 3,September,8,28.33%
2022,Qtr 3,September,9,21.21%
2022,Qtr 3,September,10,0.00%
2022,Qtr 3,September,11,0.00%
2022,Qtr 3,September,12,26.56%
2022,Qtr 3,September,13,32.00%
2022,Qtr 3,September,14,17.07%
2022,Qtr 3,September,15,22.22%
2022,Qtr 3,September,16,32.65%
2022,Qtr 3,September,17,0.00%
2022,Qtr 3,September,18,0.00%
2022,Qtr 3,September,19,31.03%
2022,Qtr 3,September,20,29.41%
2022,Qtr 3,September,21,42.11%
2022,Qtr 3,September,22,17.02%
2022,Qtr 3,September,23,25.93%
2022,Qtr 3,September,25,0.00%
2022,Qtr 3,September,26,28.21%
2022,Qtr 3,September,27,43.24%
2022,Qtr 3,September,28,15.38%
2022,Qtr 3,September,29,28.00%
2022,Qtr 3,September,30,37.04%
2022,Qtr 4,October,1,0.00%
2022,Qtr 4,October,3,35.56%
2022,Qtr 4,October,4,20.31%
2022,Qtr 4,October,5,23.33%
2022,Qtr 4,October,6,29.03%
2022,Qtr 4,October,7,35.14%
2022,Qtr 4,October,8,0.00%
2022,Qtr 4,October,9,75.00%
2022,Qtr 4,October,10,57.14%
2022,Qtr 4,October,11,33.90%
2022,Qtr 4,October,12,24.56%
2022,Qtr 4,October,13,29.17%
2022,Qtr 4,October,14,24.39%
2022,Qtr 4,October,15,0.00%
2022,Qtr 4,October,16,16.67%
2022,Qtr 4,October,17,31.58%
2022,Qtr 4,October,18,40.32%
2022,Qtr 4,October,19,39.47%
2022,Qtr 4,October,20,34.21%
2022,Qtr 4,October,21,17.65%
2022,Qtr 4,October,24,41.67%
2022,Qtr 4,October,25,35.29%
2022,Qtr 4,October,26,37.50%
2022,Qtr 4,October,27,35.71%
2022,Qtr 4,October,28,27.59%
2022,Qtr 4,October,30,44.44%
2022,Qtr 4,October,31,35.09%
2022,Qtr 4,November,1,37.78%
2022,Qtr 4,November,2,26.83%
2022,Qtr 4,November,3,24.39%
2022,Qtr 4,November,4,13.51%
2022,Qtr 4,November,5,0.00%
2022,Qtr 4,November,6,0.00%
2022,Qtr 4,November,7,40.82%
2022,Qtr 4,November,8,26.15%
2022,Qtr 4,November,9,36.73%
2022,Qtr 4,November,10,38.64%
2022,Qtr 4,November,11,0.00%
2022,Qtr 4,November,12,0.00%
2022,Qtr 4,November,13,44.44%
2022,Qtr 4,November,14,34.33%
2022,Qtr 4,November,15,33.33%
2022,Qtr 4,November,16,27.50%
2022,Qtr 4,November,17,35.42%
2022,Qtr 4,November,18,20.00%
2022,Qtr 4,November,19,0.00%
2022,Qtr 4,November,21,30.23%
2022,Qtr 4,November,22,33.96%
2022,Qtr 4,November,23,40.00%
2022,Qtr 4,November,25,75.00%
2022,Qtr 4,November,26,100.00%
2022,Qtr 4,November,27,25.00%
2022,Qtr 4,November,28,38.10%
2022,Qtr 4,November,29,31.34%
2022,Qtr 4,November,30,21.62%
2022,Qtr 4,December,1,25.49%
2022,Qtr 4,December,2,34.62%
2022,Qtr 4,December,3,0.00%
2022,Qtr 4,December,4,14.29%
2022,Qtr 4,December,5,32.00%
2022,Qtr 4,December,6,19.67%
2022,Qtr 4,December,7,42.22%
2022,Qtr 4,December,8,50.00%
2022,Qtr 4,December,9,22.22%
2022,Qtr 4,December,11,0.00%
2022,Qtr 4,December,12,35.71%
2022,Qtr 4,December,13,31.43%
2022,Qtr 4,December,14,20.00%
2022,Qtr 4,December,15,17.86%
2022,Qtr 4,December,16,31.58%
2022,Qtr 4,December,17,0.00%
2022,Qtr 4,December,18,50.00%
2022,Qtr 4,December,19,28.26%
2022,Qtr 4,December,20,27.08%
2022,Qtr 4,December,21,31.82%
2022,Qtr 4,December,22,9.64%
2022,Qtr 4,December,23,14.29%
2022,Qtr 4,December,26,100.00%
2022,Qtr 4,December,27,40.54%
2022,Qtr 4,December,28,41.67%
2022,Qtr 4,December,29,33.33%
2022,Qtr 4,December,30,45.00%
2023,Qtr 1,January,2,50.00%
2023,Qtr 1,January,3,51.06%
2023,Qtr 1,January,4,46.15%
2023,Qtr 1,January,5,33.33%
2023,Qtr 1,January,6,33.33%
2023,Qtr 1,January,7,0.00%
2023,Qtr 1,January,8,0.00%
2023,Qtr 1,January,9,36.11%
2023,Qtr 1,January,10,26.32%
2023,Qtr 1,January,11,32.61%
2023,Qtr 1,January,12,33.33%
2023,Qtr 1,January,13,37.50%
2023,Qtr 1,January,14,0.00%
2023,Qtr 1,January,15,0.00%
2023,Qtr 1,January,16,0.00%
2023,Qtr 1,January,17,45.65%
2023,Qtr 1,January,18,39.47%
2023,Qtr 1,January,19,39.39%
2023,Qtr 1,January,20,22.73%
2023,Qtr 1,January,21,33.33%
2023,Qtr 1,January,22,0.00%
2023,Qtr 1,January,23,37.04%
2023,Qtr 1,January,24,36.96%
2023,Qtr 1,January,25,35.14%
2023,Qtr 1,January,26,23.08%
2023,Qtr 1,January,27,8.33%
2023,Qtr 1,January,30,34.04%
2023,Qtr 1,January,31,24.14%
2023,Qtr 1,February,1,23.53%
2023,Qtr 1,February,2,16.13%
2023,Qtr 1,February,3,27.59%
2023,Qtr 1,February,4,50.00%
2023,Qtr 1,February,6,29.79%
2023,Qtr 1,February,7,43.24%
2023,Qtr 1,February,8,29.73%
2023,Qtr 1,February,9,27.27%
2023,Qtr 1,February,10,13.64%
2023,Qtr 1,February,11,0.00%
2023,Qtr 1,February,13,30.00%
2023,Qtr 1,February,14,31.91%
2023,Qtr 1,February,15,22.64%
2023,Qtr 1,February,16,22.22%
2023,Qtr 1,February,17,27.59%
2023,Qtr 1,February,18,0.00%
2023,Qtr 1,February,19,0.00%
2023,Qtr 1,February,20,0.00%
2023,Qtr 1,February,21,40.82%
2023,Qtr 1,February,22,30.61%
2023,Qtr 1,February,23,19.51%
2023,Qtr 1,February,24,24.00%
2023,Qtr 1,February,26,66.67%
2023,Qtr 1,February,27,37.50%
2023,Qtr 1,February,28,30.99%
2023,Qtr 1,March,1,29.73%
2023,Qtr 1,March,2,21.95%
2023,Qtr 1,March,3,32.14%
2023,Qtr 1,March,5,62.50%
2023,Qtr 1,March,6,28.57%
2023,Qtr 1,March,7,35.59%
2023,Qtr 1,March,8,24.00%
2023,Qtr 1,March,9,23.81%
2023,Qtr 1,March,10,29.41%
2023,Qtr 1,March,11,57.14%
2023,Qtr 1,March,12,0.00%
2023,Qtr 1,March,13,30.19%
2023,Qtr 1,March,14,25.00%
2023,Qtr 1,March,15,13.16%
2023,Qtr 1,March,16,33.33%
2023,Qtr 1,March,17,20.69%
2023,Qtr 1,March,19,0.00%
2023,Qtr 1,March,20,25.71%
2023,Qtr 1,March,21,21.15%
2023,Qtr 1,March,22,25.93%
2023,Qtr 1,March,23,21.21%
2023,Qtr 1,March,24,30.56%
2023,Qtr 1,March,25,50.00%
2023,Qtr 1,March,27,36.73%
2023,Qtr 1,March,28,29.09%
2023,Qtr 1,March,29,18.75%
2023,Qtr 1,March,30,26.32%
2023,Qtr 2,April,1,0.00%
2023,Qtr 2,April,2,12.50%
2023,Qtr 2,April,3,42.31%
2023,Qtr 2,April,4,30.56%
2023,Qtr 2,April,5,20.00%
2023,Qtr 2,April,6,30.23%
2023,Qtr 2,April,7,33.33%
2023,Qtr 2,April,8,0.00%
2023,Qtr 2,April,9,0.00%
2023,Qtr 2,April,10,26.83%
2023,Qtr 2,April,11,47.95%
2023,Qtr 2,April,12,41.94%
2023,Qtr 2,April,13,19.44%
2023,Qtr 2,April,14,25.81%
2023,Qtr 2,April,15,0.00%
2023,Qtr 2,April,16,0.00%
2023,Qtr 2,April,17,38.64%
2023,Qtr 2,April,18,21.57%
2023,Qtr 2,April,19,38.64%
2023,Qtr 2,April,20,12.82%
2023,Qtr 2,April,21,45.83%
2023,Qtr 2,April,22,0.00%
2023,Qtr 2,April,23,25.00%
2023,Qtr 2,April,24,39.62%
2023,Qtr 2,April,25,32.50%
2023,Qtr 2,April,26,31.25%
2023,Qtr 2,April,27,38.10%
2023,Qtr 2,April,28,48.28%
2023,Qtr 2,April,30,0.00%
2023,Qtr 2,May,1,33.33%
2023,Qtr 2,May,2,24.29%
2023,Qtr 2,May,3,28.00%
2023,Qtr 2,May,4,47.50%
2023,Qtr 2,May,5,31.25%
2023,Qtr 2,May,7,0.00%
2023,Qtr 2,May,8,38.30%
2023,Qtr 2,May,9,41.38%
2023,Qtr 2,May,10,29.73%
2023,Qtr 2,May,11,8.33%
2023,Qtr 2,May,12,18.18%
2023,Qtr 2,May,14,0.00%
2023,Qtr 2,May,15,30.00%
2023,Qtr 2,May,16,46.15%
2023,Qtr 2,May,17,43.24%
2023,Qtr 2,May,18,28.95%
2023,Qtr 2,May,19,8.89%
2023,Qtr 2,May,22,47.50%
2023,Qtr 2,May,23,40.54%
2023,Qtr 2,May,24,28.21%
2023,Qtr 2,May,25,36.11%
2023,Qtr 2,May,26,11.43%
2023,Qtr 2,May,27,0.00%
2023,Qtr 2,May,28,0.00%
2023,Qtr 2,May,29,0.00%
2023,Qtr 2,May,30,40.91%
2023,Qtr 2,May,31,39.62%
2023,Qtr 2,June,1,23.08%
2023,Qtr 2,June,2,30.56%
2023,Qtr 2,June,4,0.00%
2023,Qtr 2,June,5,35.00%
2023,Qtr 2,June,6,36.51%
2023,Qtr 2,June,7,37.93%
2023,Qtr 2,June,8,40.54%
2023,Qtr 2,June,9,41.67%
2023,Qtr 2,June,10,0.00%
2023,Qtr 2,June,12,28.79%
2023,Qtr 2,June,13,45.45%
2023,Qtr 2,June,14,30.61%
2023,Qtr 2,June,15,20.00%
2023,Qtr 2,June,16,41.67%
2023,Qtr 2,June,19,25.00%
2023,Qtr 2,June,20,33.90%
2023,Qtr 2,June,21,17.65%
2023,Qtr 2,June,22,27.59%
2023,Qtr 2,June,23,25.00%
2023,Qtr 2,June,24,0.00%
2023,Qtr 2,June,25,0.00%
2023,Qtr 2,June,26,40.74%
2023,Qtr 2,June,27,40.91%
2023,Qtr 2,June,28,37.84%
2023,Qtr 2,June,29,30.00%
2023,Qtr 2,June,30,8.00%
2023,Qtr 3,July,1,0.00%
2023,Qtr 3,July,3,25.00%
2023,Qtr 3,July,4,33.33%
2023,Qtr 3,July,5,47.62%
2023,Qtr 3,July,6,38.30%
2023,Qtr 3,July,7,18.18%
2023,Qtr 3,July,10,36.21%
2023,Qtr 3,July,11,40.00%
2023,Qtr 3,July,12,39.62%
2023,Qtr 3,July,13,33.33%
2023,Qtr 3,July,14,46.15%
2023,Qtr 3,July,15,33.33%
2023,Qtr 3,July,16,33.33%
2023,Qtr 3,July,17,32.65%
2023,Qtr 3,July,18,27.12%
2023,Qtr 3,July,19,19.57%
2023,Qtr 3,July,20,29.82%
2023,Qtr 3,July,21,41.38%
2023,Qtr 3,July,22,0.00%
2023,Qtr 3,July,23,0.00%
2023,Qtr 3,July,24,28.57%
2023,Qtr 3,July,25,26.00%
2023,Qtr 3,July,26,25.00%
2023,Qtr 3,July,27,7.69%
2023,Qtr 3,July,28,31.91%
2023,Qtr 3,July,29,42.86%
2023,Qtr 3,July,30,0.00%
2023,Qtr 3,July,31,41.30%
2023,Qtr 3,August,1,33.33%
2023,Qtr 3,August,2,32.65%
2023,Qtr 3,August,3,21.62%
2023,Qtr 3,August,4,20.00%
2023,Qtr 3,August,5,16.67%
2023,Qtr 3,August,6,14.29%
2023,Qtr 3,August,7,21.31%
2023,Qtr 3,August,8,28.81%
2023,Qtr 3,August,9,30.56%
2023,Qtr 3,August,10,45.00%
2023,Qtr 3,August,11,26.09%
2023,Qtr 3,August,12,0.00%
2023,Qtr 3,August,13,0.00%
2023,Qtr 3,August,14,34.33%
2023,Qtr 3,August,15,35.59%
2023,Qtr 3,August,16,24.24%
2023,Qtr 3,August,17,23.08%
2023,Qtr 3,August,18,29.09%
2023,Qtr 3,August,19,0.00%
2023,Qtr 3,August,20,0.00%
2023,Qtr 3,August,21,30.19%
2023,Qtr 3,August,22,27.42%
2023,Qtr 3,August,23,30.77%
2023,Qtr 3,August,24,23.53%
2023,Qtr 3,August,25,17.14%
2023,Qtr 3,August,26,0.00%
2023,Qtr 3,August,27,0.00%
2023,Qtr 3,August,28,34.09%
2023,Qtr 3,August,29,20.69%
2023,Qtr 3,August,30,26.67%
2023,Qtr 3,August,31,32.43%
2023,Qtr 3,September,1,29.03%
2023,Qtr 3,September,2,0.00%
2023,Qtr 3,September,3,0.00%
2023,Qtr 3,September,4,42.86%
2023,Qtr 3,September,5,28.57%
2023,Qtr 3,September,6,20.31%
2023,Qtr 3,September,7,22.22%
2023,Qtr 3,September,8,39.29%
2023,Qtr 3,September,11,34.43%
2023,Qtr 3,September,12,26.00%
2023,Qtr 3,September,13,34.78%
2023,Qtr 3,September,14,22.86%
2023,Qtr 3,September,15,28.57%
2023,Qtr 3,September,16,0.00%
2023,Qtr 3,September,17,0.00%
2023,Qtr 3,September,18,43.18%
2023,Qtr 3,September,19,26.53%
2023,Qtr 3,September,20,29.55%
2023,Qtr 3,September,21,25.64%
2023,Qtr 3,September,22,52.17%
2023,Qtr 3,September,24,0.00%
2023,Qtr 3,September,25,35.56%
2023,Qtr 3,September,26,30.61%
2023,Qtr 3,September,27,50.00%
2023,Qtr 3,September,28,23.81%
2023,Qtr 3,September,29,22.22%
2023,Qtr 4,October,1,0.00%
2023,Qtr 4,October,2,29.51%
2023,Qtr 4,October,3,33.33%
2023,Qtr 4,October,4,19.44%
2023,Qtr 4,October,5,25.00%
2023,Qtr 4,October,6,42.42%
2023,Qtr 4,October,7,0.00%
2023,Qtr 4,October,8,0.00%
2023,Qtr 4,October,9,37.14%
2023,Qtr 4,October,10,26.15%
2023,Qtr 4,October,11,31.82%
2023,Qtr 4,October,12,22.92%
2023,Qtr 4,October,13,43.48%
2023,Qtr 4,October,14,0.00%
2023,Qtr 4,October,15,50.00%
2023,Qtr 4,October,16,32.50%
2023,Qtr 4,October,17,27.59%
2023,Qtr 4,October,18,36.00%
2023,Qtr 4,October,19,30.00%
2023,Qtr 4,October,20,42.22%
2023,Qtr 4,October,21,66.67%
2023,Qtr 4,October,22,23.08%
2023,Qtr 4,October,23,42.86%
2023,Qtr 4,October,24,21.59%
2023,Qtr 4,October,25,35.48%
2023,Qtr 4,October,26,30.23%
2023,Qtr 4,October,27,23.08%
2023,Qtr 4,October,29,0.00%
2023,Qtr 4,October,30,32.08%
2023,Qtr 4,October,31,28.79%
2023,Qtr 4,November,1,21.62%
2023,Qtr 4,November,2,25.49%
2023,Qtr 4,November,3,16.13%
2023,Qtr 4,November,4,0.00%
2023,Qtr 4,November,5,0.00%
2023,Qtr 4,November,6,24.07%
2023,Qtr 4,November,7,20.69%
2023,Qtr 4,November,8,27.50%
2023,Qtr 4,November,9,30.56%
2023,Qtr 4,November,10,0.00%
2023,Qtr 4,November,12,0.00%
2023,Qtr 4,November,13,38.60%
2023,Qtr 4,November,14,21.15%
2023,Qtr 4,November,15,31.91%
2023,Qtr 4,November,16,14.29%
2023,Qtr 4,November,17,17.86%
2023,Qtr 4,November,19,0.00%
2023,Qtr 4,November,20,22.73%
2023,Qtr 4,November,21,31.58%
2023,Qtr 4,November,22,37.50%
2023,Qtr 4,November,24,0.00%
2023,Qtr 4,November,25,0.00%
2023,Qtr 4,November,26,0.00%
2023,Qtr 4,November,27,46.15%
2023,Qtr 4,November,28,36.11%
2023,Qtr 4,November,29,30.77%
2023,Qtr 4,November,30,39.47%
2023,Qtr 4,December,1,32.43%
2023,Qtr 4,December,3,0.00%
2023,Qtr 4,December,4,33.33%
2023,Qtr 4,December,5,26.53%
2023,Qtr 4,December,6,33.33%
2023,Qtr 4,December,7,40.74%
2023,Qtr 4,December,8,50.00%
2023,Qtr 4,December,10,0.00%
2023,Qtr 4,December,11,35.85%
2023,Qtr 4,December,12,33.93%
2023,Qtr 4,December,13,24.39%
2023,Qtr 4,December,14,27.45%
2023,Qtr 4,December,15,23.81%
2023,Qtr 4,December,16,66.67%
2023,Qtr 4,December,18,46.00%
2023,Qtr 4,December,19,37.93%
2023,Qtr 4,December,20,22.22%
2023,Qtr 4,December,21,29.55%
2023,Qtr 4,December,22,34.38%
2023,Qtr 4,December,26,40.00%
2023,Qtr 4,December,27,35.38%
2023,Qtr 4,December,28,23.81%
2023,Qtr 4,December,29,34.78%
