Year,Quarter,Month,Day,All Cases,Average of REJECTION_DECISION_SORT
2017,Qtr 1,January,3,All Cases,8.33%
2017,Qtr 1,January,4,All Cases,7.02%
2017,Qtr 1,January,5,All Cases,12.50%
2017,Qtr 1,January,6,All Cases,6.67%
2017,Qtr 1,January,9,All Cases,14.93%
2017,Qtr 1,January,10,All Cases,18.60%
2017,Qtr 1,January,11,All Cases,17.39%
2017,Qtr 1,January,12,All Cases,13.64%
2017,Qtr 1,January,13,All Cases,19.44%
2017,Qtr 1,January,14,All Cases,0.00%
2017,Qtr 1,January,15,All Cases,33.33%
2017,Qtr 1,January,17,All Cases,13.24%
2017,Qtr 1,January,18,All Cases,17.02%
2017,Qtr 1,January,19,All Cases,15.15%
2017,Qtr 1,January,20,All Cases,19.35%
2017,Qtr 1,January,21,All Cases,38.46%
2017,Qtr 1,January,23,All Cases,16.67%
2017,Qtr 1,January,24,All Cases,16.67%
2017,Qtr 1,January,25,All Cases,8.57%
2017,Qtr 1,January,26,All Cases,11.63%
2017,Qtr 1,January,27,All Cases,8.82%
2017,Qtr 1,January,28,All Cases,10.00%
2017,Qtr 1,January,29,All Cases,27.78%
2017,Qtr 1,January,30,All Cases,6.98%
2017,Qtr 1,January,31,All Cases,11.11%
2017,Qtr 1,February,1,All Cases,6.90%
2017,Qtr 1,February,2,All Cases,20.00%
2017,Qtr 1,February,3,All Cases,15.22%
2017,Qtr 1,February,4,All Cases,8.70%
2017,Qtr 1,February,6,All Cases,12.31%
2017,Qtr 1,February,7,All Cases,16.95%
2017,Qtr 1,February,8,All Cases,9.76%
2017,Qtr 1,February,9,All Cases,12.82%
2017,Qtr 1,February,10,All Cases,3.03%
2017,Qtr 1,February,11,All Cases,15.79%
2017,Qtr 1,February,12,All Cases,0.00%
2017,Qtr 1,February,13,All Cases,3.33%
2017,Qtr 1,February,14,All Cases,13.64%
2017,Qtr 1,February,15,All Cases,7.84%
2017,Qtr 1,February,16,All Cases,18.52%
2017,Qtr 1,February,17,All Cases,10.34%
2017,Qtr 1,February,18,All Cases,0.00%
2017,Qtr 1,February,20,All Cases,0.00%
2017,Qtr 1,February,21,All Cases,6.35%
2017,Qtr 1,February,22,All Cases,19.23%
2017,Qtr 1,February,23,All Cases,20.00%
2017,Qtr 1,February,24,All Cases,4.17%
2017,Qtr 1,February,26,All Cases,0.00%
2017,Qtr 1,February,27,All Cases,21.15%
2017,Qtr 1,February,28,All Cases,8.97%
2017,Qtr 1,March,1,All Cases,13.79%
2017,Qtr 1,March,2,All Cases,6.82%
2017,Qtr 1,March,3,All Cases,9.38%
2017,Qtr 1,March,4,All Cases,32.14%
2017,Qtr 1,March,5,All Cases,0.00%
2017,Qtr 1,March,6,All Cases,18.52%
2017,Qtr 1,March,7,All Cases,9.62%
2017,Qtr 1,March,8,All Cases,10.71%
2017,Qtr 1,March,9,All Cases,22.22%
2017,Qtr 1,March,10,All Cases,21.21%
2017,Qtr 1,March,11,All Cases,12.50%
2017,Qtr 1,March,12,All Cases,0.00%
2017,Qtr 1,March,13,All Cases,13.56%
2017,Qtr 1,March,14,All Cases,24.24%
2017,Qtr 1,March,15,All Cases,9.52%
2017,Qtr 1,March,16,All Cases,23.53%
2017,Qtr 1,March,17,All Cases,19.23%
2017,Qtr 1,March,18,All Cases,14.29%
2017,Qtr 1,March,19,All Cases,7.14%
2017,Qtr 1,March,20,All Cases,6.56%
2017,Qtr 1,March,21,All Cases,7.84%
2017,Qtr 1,March,22,All Cases,9.09%
2017,Qtr 1,March,23,All Cases,17.14%
2017,Qtr 1,March,24,All Cases,8.33%
2017,Qtr 1,March,25,All Cases,20.00%
2017,Qtr 1,March,26,All Cases,30.00%
2017,Qtr 1,March,27,All Cases,9.09%
2017,Qtr 1,March,28,All Cases,13.51%
2017,Qtr 1,March,29,All Cases,20.00%
2017,Qtr 1,March,30,All Cases,9.52%
2017,Qtr 1,March,31,All Cases,0.00%
2017,Qtr 2,April,1,All Cases,0.00%
2017,Qtr 2,April,2,All Cases,50.00%
2017,Qtr 2,April,3,All Cases,8.82%
2017,Qtr 2,April,4,All Cases,3.70%
2017,Qtr 2,April,5,All Cases,5.56%
2017,Qtr 2,April,6,All Cases,16.00%
2017,Qtr 2,April,7,All Cases,14.58%
2017,Qtr 2,April,8,All Cases,33.33%
2017,Qtr 2,April,10,All Cases,19.05%
2017,Qtr 2,April,11,All Cases,13.46%
2017,Qtr 2,April,12,All Cases,12.24%
2017,Qtr 2,April,13,All Cases,7.14%
2017,Qtr 2,April,14,All Cases,6.45%
2017,Qtr 2,April,17,All Cases,12.82%
2017,Qtr 2,April,18,All Cases,8.77%
2017,Qtr 2,April,19,All Cases,17.07%
2017,Qtr 2,April,20,All Cases,19.51%
2017,Qtr 2,April,21,All Cases,31.03%
2017,Qtr 2,April,22,All Cases,28.57%
2017,Qtr 2,April,24,All Cases,9.62%
2017,Qtr 2,April,25,All Cases,10.53%
2017,Qtr 2,April,26,All Cases,17.65%
2017,Qtr 2,April,27,All Cases,12.50%
2017,Qtr 2,April,28,All Cases,18.18%
2017,Qtr 2,May,1,All Cases,17.02%
2017,Qtr 2,May,2,All Cases,10.53%
2017,Qtr 2,May,3,All Cases,12.50%
2017,Qtr 2,May,4,All Cases,8.00%
2017,Qtr 2,May,5,All Cases,10.71%
2017,Qtr 2,May,6,All Cases,0.00%
2017,Qtr 2,May,8,All Cases,7.14%
2017,Qtr 2,May,9,All Cases,18.52%
2017,Qtr 2,May,10,All Cases,21.74%
2017,Qtr 2,May,11,All Cases,4.35%
2017,Qtr 2,May,12,All Cases,12.50%
2017,Qtr 2,May,15,All Cases,21.67%
2017,Qtr 2,May,16,All Cases,18.64%
2017,Qtr 2,May,17,All Cases,15.38%
2017,Qtr 2,May,18,All Cases,16.67%
2017,Qtr 2,May,19,All Cases,4.76%
2017,Qtr 2,May,22,All Cases,11.76%
2017,Qtr 2,May,23,All Cases,13.56%
2017,Qtr 2,May,24,All Cases,30.61%
2017,Qtr 2,May,25,All Cases,16.67%
2017,Qtr 2,May,26,All Cases,16.67%
2017,Qtr 2,May,30,All Cases,4.62%
2017,Qtr 2,May,31,All Cases,20.90%
2017,Qtr 2,June,1,All Cases,20.51%
2017,Qtr 2,June,2,All Cases,12.24%
2017,Qtr 2,June,5,All Cases,13.04%
2017,Qtr 2,June,6,All Cases,13.79%
2017,Qtr 2,June,7,All Cases,26.42%
2017,Qtr 2,June,8,All Cases,14.04%
2017,Qtr 2,June,9,All Cases,20.00%
2017,Qtr 2,June,10,All Cases,16.67%
2017,Qtr 2,June,11,All Cases,0.00%
2017,Qtr 2,June,12,All Cases,12.96%
2017,Qtr 2,June,13,All Cases,9.43%
2017,Qtr 2,June,14,All Cases,14.29%
2017,Qtr 2,June,15,All Cases,11.90%
2017,Qtr 2,June,16,All Cases,8.70%
2017,Qtr 2,June,17,All Cases,0.00%
2017,Qtr 2,June,19,All Cases,3.85%
2017,Qtr 2,June,20,All Cases,17.54%
2017,Qtr 2,June,21,All Cases,7.50%
2017,Qtr 2,June,22,All Cases,17.39%
2017,Qtr 2,June,23,All Cases,4.76%
2017,Qtr 2,June,24,All Cases,0.00%
2017,Qtr 2,June,26,All Cases,11.54%
2017,Qtr 2,June,27,All Cases,23.26%
2017,Qtr 2,June,28,All Cases,21.62%
2017,Qtr 2,June,29,All Cases,11.54%
2017,Qtr 2,June,30,All Cases,14.29%
2017,Qtr 3,July,3,All Cases,11.76%
2017,Qtr 3,July,5,All Cases,13.85%
2017,Qtr 3,July,6,All Cases,8.16%
2017,Qtr 3,July,7,All Cases,10.26%
2017,Qtr 3,July,10,All Cases,13.79%
2017,Qtr 3,July,11,All Cases,15.52%
2017,Qtr 3,July,12,All Cases,9.52%
2017,Qtr 3,July,13,All Cases,31.58%
2017,Qtr 3,July,14,All Cases,18.42%
2017,Qtr 3,July,15,All Cases,50.00%
2017,Qtr 3,July,17,All Cases,4.76%
2017,Qtr 3,July,18,All Cases,17.65%
2017,Qtr 3,July,19,All Cases,12.20%
2017,Qtr 3,July,20,All Cases,18.97%
2017,Qtr 3,July,21,All Cases,25.00%
2017,Qtr 3,July,23,All Cases,0.00%
2017,Qtr 3,July,24,All Cases,24.64%
2017,Qtr 3,July,25,All Cases,21.67%
2017,Qtr 3,July,26,All Cases,16.67%
2017,Qtr 3,July,27,All Cases,11.11%
2017,Qtr 3,July,28,All Cases,25.00%
2017,Qtr 3,July,30,All Cases,0.00%
2017,Qtr 3,July,31,All Cases,13.33%
2017,Qtr 3,August,1,All Cases,15.22%
2017,Qtr 3,August,2,All Cases,11.11%
2017,Qtr 3,August,3,All Cases,5.88%
2017,Qtr 3,August,4,All Cases,4.00%
2017,Qtr 3,August,5,All Cases,0.00%
2017,Qtr 3,August,6,All Cases,0.00%
2017,Qtr 3,August,7,All Cases,12.50%
2017,Qtr 3,August,8,All Cases,21.43%
2017,Qtr 3,August,9,All Cases,6.67%
2017,Qtr 3,August,10,All Cases,16.13%
2017,Qtr 3,August,11,All Cases,8.70%
2017,Qtr 3,August,12,All Cases,0.00%
2017,Qtr 3,August,13,All Cases,0.00%
2017,Qtr 3,August,14,All Cases,15.63%
2017,Qtr 3,August,15,All Cases,23.19%
2017,Qtr 3,August,16,All Cases,15.79%
2017,Qtr 3,August,17,All Cases,4.08%
2017,Qtr 3,August,18,All Cases,8.11%
2017,Qtr 3,August,19,All Cases,50.00%
2017,Qtr 3,August,21,All Cases,10.71%
2017,Qtr 3,August,22,All Cases,9.62%
2017,Qtr 3,August,23,All Cases,4.65%
2017,Qtr 3,August,24,All Cases,12.12%
2017,Qtr 3,August,25,All Cases,9.52%
2017,Qtr 3,August,26,All Cases,0.00%
2017,Qtr 3,August,27,All Cases,10.00%
2017,Qtr 3,August,28,All Cases,9.43%
2017,Qtr 3,August,29,All Cases,20.00%
2017,Qtr 3,August,30,All Cases,22.00%
2017,Qtr 3,August,31,All Cases,10.53%
2017,Qtr 3,September,1,All Cases,9.09%
2017,Qtr 3,September,2,All Cases,0.00%
2017,Qtr 3,September,3,All Cases,0.00%
2017,Qtr 3,September,5,All Cases,9.46%
2017,Qtr 3,September,6,All Cases,11.48%
2017,Qtr 3,September,7,All Cases,19.23%
2017,Qtr 3,September,8,All Cases,16.67%
2017,Qtr 3,September,9,All Cases,7.69%
2017,Qtr 3,September,10,All Cases,0.00%
2017,Qtr 3,September,11,All Cases,15.00%
2017,Qtr 3,September,12,All Cases,17.02%
2017,Qtr 3,September,13,All Cases,30.00%
2017,Qtr 3,September,14,All Cases,12.00%
2017,Qtr 3,September,15,All Cases,29.03%
2017,Qtr 3,September,16,All Cases,0.00%
2017,Qtr 3,September,17,All Cases,0.00%
2017,Qtr 3,September,18,All Cases,6.12%
2017,Qtr 3,September,19,All Cases,20.83%
2017,Qtr 3,September,20,All Cases,10.87%
2017,Qtr 3,September,21,All Cases,11.36%
2017,Qtr 3,September,22,All Cases,13.33%
2017,Qtr 3,September,23,All Cases,6.25%
2017,Qtr 3,September,25,All Cases,23.53%
2017,Qtr 3,September,26,All Cases,14.71%
2017,Qtr 3,September,27,All Cases,7.89%
2017,Qtr 3,September,28,All Cases,13.73%
2017,Qtr 3,September,29,All Cases,14.29%
2017,Qtr 3,September,30,All Cases,20.00%
2017,Qtr 4,October,1,All Cases,0.00%
2017,Qtr 4,October,2,All Cases,13.43%
2017,Qtr 4,October,3,All Cases,6.52%
2017,Qtr 4,October,4,All Cases,2.63%
2017,Qtr 4,October,5,All Cases,18.00%
2017,Qtr 4,October,6,All Cases,11.54%
2017,Qtr 4,October,7,All Cases,12.50%
2017,Qtr 4,October,8,All Cases,0.00%
2017,Qtr 4,October,10,All Cases,11.29%
2017,Qtr 4,October,11,All Cases,12.50%
2017,Qtr 4,October,12,All Cases,12.82%
2017,Qtr 4,October,13,All Cases,27.78%
2017,Qtr 4,October,14,All Cases,0.00%
2017,Qtr 4,October,16,All Cases,16.18%
2017,Qtr 4,October,17,All Cases,13.95%
2017,Qtr 4,October,18,All Cases,2.94%
2017,Qtr 4,October,19,All Cases,8.70%
2017,Qtr 4,October,20,All Cases,13.79%
2017,Qtr 4,October,21,All Cases,12.50%
2017,Qtr 4,October,22,All Cases,0.00%
2017,Qtr 4,October,23,All Cases,16.67%
2017,Qtr 4,October,24,All Cases,11.76%
2017,Qtr 4,October,25,All Cases,7.69%
2017,Qtr 4,October,26,All Cases,10.71%
2017,Qtr 4,October,27,All Cases,9.38%
2017,Qtr 4,October,28,All Cases,43.75%
2017,Qtr 4,October,29,All Cases,0.00%
2017,Qtr 4,October,30,All Cases,20.37%
2017,Qtr 4,October,31,All Cases,11.90%
2017,Qtr 4,November,1,All Cases,11.63%
2017,Qtr 4,November,2,All Cases,11.76%
2017,Qtr 4,November,3,All Cases,0.00%
2017,Qtr 4,November,4,All Cases,18.18%
2017,Qtr 4,November,6,All Cases,14.75%
2017,Qtr 4,November,7,All Cases,13.33%
2017,Qtr 4,November,8,All Cases,4.65%
2017,Qtr 4,November,9,All Cases,17.95%
2017,Qtr 4,November,11,All Cases,0.00%
2017,Qtr 4,November,12,All Cases,0.00%
2017,Qtr 4,November,13,All Cases,24.36%
2017,Qtr 4,November,14,All Cases,13.33%
2017,Qtr 4,November,15,All Cases,22.22%
2017,Qtr 4,November,16,All Cases,8.89%
2017,Qtr 4,November,17,All Cases,24.39%
2017,Qtr 4,November,18,All Cases,13.33%
2017,Qtr 4,November,19,All Cases,0.00%
2017,Qtr 4,November,20,All Cases,15.79%
2017,Qtr 4,November,21,All Cases,16.67%
2017,Qtr 4,November,22,All Cases,14.71%
2017,Qtr 4,November,25,All Cases,25.00%
2017,Qtr 4,November,27,All Cases,6.58%
2017,Qtr 4,November,28,All Cases,11.69%
2017,Qtr 4,November,29,All Cases,8.16%
2017,Qtr 4,November,30,All Cases,13.89%
2017,Qtr 4,December,1,All Cases,15.38%
2017,Qtr 4,December,2,All Cases,25.00%
2017,Qtr 4,December,3,All Cases,11.11%
2017,Qtr 4,December,4,All Cases,18.18%
2017,Qtr 4,December,5,All Cases,21.74%
2017,Qtr 4,December,6,All Cases,16.67%
2017,Qtr 4,December,7,All Cases,7.89%
2017,Qtr 4,December,8,All Cases,0.00%
2017,Qtr 4,December,9,All Cases,63.64%
2017,Qtr 4,December,10,All Cases,0.00%
2017,Qtr 4,December,11,All Cases,9.26%
2017,Qtr 4,December,12,All Cases,20.41%
2017,Qtr 4,December,13,All Cases,7.89%
2017,Qtr 4,December,14,All Cases,10.53%
2017,Qtr 4,December,15,All Cases,21.62%
2017,Qtr 4,December,16,All Cases,14.29%
2017,Qtr 4,December,18,All Cases,9.30%
2017,Qtr 4,December,19,All Cases,24.39%
2017,Qtr 4,December,20,All Cases,8.51%
2017,Qtr 4,December,21,All Cases,23.68%
2017,Qtr 4,December,22,All Cases,36.00%
2017,Qtr 4,December,26,All Cases,14.58%
2017,Qtr 4,December,27,All Cases,15.91%
2017,Qtr 4,December,28,All Cases,23.81%
2017,Qtr 4,December,29,All Cases,7.41%
2017,Qtr 4,December,30,All Cases,16.67%
2017,Qtr 4,December,31,All Cases,0.00%
2018,Qtr 1,January,2,All Cases,10.87%
2018,Qtr 1,January,3,All Cases,9.23%
2018,Qtr 1,January,4,All Cases,8.00%
2018,Qtr 1,January,5,All Cases,22.58%
2018,Qtr 1,January,6,All Cases,0.00%
2018,Qtr 1,January,8,All Cases,19.61%
2018,Qtr 1,January,9,All Cases,20.00%
2018,Qtr 1,January,10,All Cases,14.29%
2018,Qtr 1,January,11,All Cases,11.76%
2018,Qtr 1,January,12,All Cases,14.81%
2018,Qtr 1,January,13,All Cases,37.04%
2018,Qtr 1,January,14,All Cases,50.00%
2018,Qtr 1,January,16,All Cases,12.20%
2018,Qtr 1,January,17,All Cases,16.67%
2018,Qtr 1,January,18,All Cases,18.75%
2018,Qtr 1,January,19,All Cases,20.51%
2018,Qtr 1,January,20,All Cases,66.67%
2018,Qtr 1,January,21,All Cases,5.88%
2018,Qtr 1,January,22,All Cases,8.06%
2018,Qtr 1,January,23,All Cases,11.90%
2018,Qtr 1,January,24,All Cases,30.00%
2018,Qtr 1,January,25,All Cases,17.65%
2018,Qtr 1,January,26,All Cases,17.86%
2018,Qtr 1,January,27,All Cases,20.00%
2018,Qtr 1,January,28,All Cases,11.11%
2018,Qtr 1,January,29,All Cases,15.94%
2018,Qtr 1,January,30,All Cases,16.07%
2018,Qtr 1,January,31,All Cases,12.82%
2018,Qtr 1,February,1,All Cases,16.28%
2018,Qtr 1,February,2,All Cases,11.90%
2018,Qtr 1,February,3,All Cases,0.00%
2018,Qtr 1,February,4,All Cases,0.00%
2018,Qtr 1,February,5,All Cases,3.28%
2018,Qtr 1,February,6,All Cases,9.09%
2018,Qtr 1,February,7,All Cases,15.56%
2018,Qtr 1,February,8,All Cases,10.00%
2018,Qtr 1,February,9,All Cases,9.09%
2018,Qtr 1,February,10,All Cases,0.00%
2018,Qtr 1,February,11,All Cases,0.00%
2018,Qtr 1,February,12,All Cases,12.12%
2018,Qtr 1,February,13,All Cases,14.58%
2018,Qtr 1,February,14,All Cases,22.22%
2018,Qtr 1,February,15,All Cases,7.32%
2018,Qtr 1,February,16,All Cases,20.83%
2018,Qtr 1,February,17,All Cases,10.53%
2018,Qtr 1,February,18,All Cases,0.00%
2018,Qtr 1,February,19,All Cases,0.00%
2018,Qtr 1,February,20,All Cases,7.37%
2018,Qtr 1,February,21,All Cases,11.54%
2018,Qtr 1,February,22,All Cases,7.50%
2018,Qtr 1,February,23,All Cases,0.00%
2018,Qtr 1,February,24,All Cases,5.56%
2018,Qtr 1,February,25,All Cases,25.00%
2018,Qtr 1,February,26,All Cases,30.19%
2018,Qtr 1,February,27,All Cases,13.79%
2018,Qtr 1,February,28,All Cases,6.52%
2018,Qtr 1,March,1,All Cases,0.00%
2018,Qtr 1,March,2,All Cases,4.35%
2018,Qtr 1,March,3,All Cases,22.22%
2018,Qtr 1,March,4,All Cases,33.33%
2018,Qtr 1,March,5,All Cases,10.00%
2018,Qtr 1,March,6,All Cases,16.33%
2018,Qtr 1,March,7,All Cases,16.22%
2018,Qtr 1,March,8,All Cases,17.95%
2018,Qtr 1,March,9,All Cases,5.88%
2018,Qtr 1,March,11,All Cases,0.00%
2018,Qtr 1,March,12,All Cases,14.52%
2018,Qtr 1,March,13,All Cases,15.38%
2018,Qtr 1,March,14,All Cases,17.24%
2018,Qtr 1,March,15,All Cases,10.81%
2018,Qtr 1,March,16,All Cases,12.12%
2018,Qtr 1,March,17,All Cases,33.33%
2018,Qtr 1,March,18,All Cases,0.00%
2018,Qtr 1,March,19,All Cases,12.07%
2018,Qtr 1,March,20,All Cases,20.00%
2018,Qtr 1,March,21,All Cases,26.83%
2018,Qtr 1,March,22,All Cases,18.92%
2018,Qtr 1,March,23,All Cases,8.00%
2018,Qtr 1,March,24,All Cases,45.45%
2018,Qtr 1,March,26,All Cases,10.91%
2018,Qtr 1,March,27,All Cases,14.00%
2018,Qtr 1,March,28,All Cases,18.60%
2018,Qtr 1,March,29,All Cases,5.71%
2018,Qtr 1,March,30,All Cases,100.00%
2018,Qtr 1,March,31,All Cases,0.00%
2018,Qtr 2,April,1,All Cases,0.00%
2018,Qtr 2,April,2,All Cases,15.00%
2018,Qtr 2,April,3,All Cases,5.36%
2018,Qtr 2,April,4,All Cases,21.74%
2018,Qtr 2,April,5,All Cases,10.20%
2018,Qtr 2,April,6,All Cases,14.71%
2018,Qtr 2,April,7,All Cases,41.67%
2018,Qtr 2,April,8,All Cases,11.11%
2018,Qtr 2,April,9,All Cases,19.12%
2018,Qtr 2,April,10,All Cases,22.92%
2018,Qtr 2,April,11,All Cases,8.33%
2018,Qtr 2,April,12,All Cases,18.18%
2018,Qtr 2,April,13,All Cases,17.86%
2018,Qtr 2,April,14,All Cases,16.67%
2018,Qtr 2,April,15,All Cases,0.00%
2018,Qtr 2,April,16,All Cases,15.71%
2018,Qtr 2,April,17,All Cases,11.29%
2018,Qtr 2,April,18,All Cases,22.41%
2018,Qtr 2,April,19,All Cases,7.14%
2018,Qtr 2,April,20,All Cases,7.41%
2018,Qtr 2,April,21,All Cases,22.22%
2018,Qtr 2,April,23,All Cases,16.67%
2018,Qtr 2,April,24,All Cases,15.22%
2018,Qtr 2,April,25,All Cases,14.63%
2018,Qtr 2,April,26,All Cases,18.87%
2018,Qtr 2,April,27,All Cases,7.69%
2018,Qtr 2,April,28,All Cases,75.00%
2018,Qtr 2,April,29,All Cases,14.29%
2018,Qtr 2,April,30,All Cases,8.82%
2018,Qtr 2,May,1,All Cases,14.55%
2018,Qtr 2,May,2,All Cases,9.30%
2018,Qtr 2,May,3,All Cases,9.30%
2018,Qtr 2,May,4,All Cases,20.83%
2018,Qtr 2,May,5,All Cases,28.57%
2018,Qtr 2,May,7,All Cases,18.37%
2018,Qtr 2,May,8,All Cases,14.29%
2018,Qtr 2,May,9,All Cases,20.45%
2018,Qtr 2,May,10,All Cases,4.17%
2018,Qtr 2,May,11,All Cases,19.05%
2018,Qtr 2,May,12,All Cases,41.67%
2018,Qtr 2,May,14,All Cases,6.67%
2018,Qtr 2,May,15,All Cases,26.98%
2018,Qtr 2,May,16,All Cases,9.38%
2018,Qtr 2,May,17,All Cases,16.67%
2018,Qtr 2,May,18,All Cases,16.00%
2018,Qtr 2,May,19,All Cases,53.85%
2018,Qtr 2,May,20,All Cases,11.11%
2018,Qtr 2,May,21,All Cases,10.64%
2018,Qtr 2,May,22,All Cases,21.31%
2018,Qtr 2,May,23,All Cases,0.00%
2018,Qtr 2,May,24,All Cases,13.33%
2018,Qtr 2,May,25,All Cases,9.52%
2018,Qtr 2,May,26,All Cases,0.00%
2018,Qtr 2,May,27,All Cases,0.00%
2018,Qtr 2,May,29,All Cases,10.11%
2018,Qtr 2,May,30,All Cases,7.89%
2018,Qtr 2,May,31,All Cases,23.08%
2018,Qtr 2,June,1,All Cases,6.06%
2018,Qtr 2,June,3,All Cases,52.94%
2018,Qtr 2,June,4,All Cases,6.90%
2018,Qtr 2,June,5,All Cases,20.34%
2018,Qtr 2,June,6,All Cases,11.43%
2018,Qtr 2,June,7,All Cases,8.16%
2018,Qtr 2,June,8,All Cases,3.70%
2018,Qtr 2,June,9,All Cases,0.00%
2018,Qtr 2,June,10,All Cases,23.81%
2018,Qtr 2,June,11,All Cases,10.77%
2018,Qtr 2,June,12,All Cases,8.70%
2018,Qtr 2,June,13,All Cases,10.26%
2018,Qtr 2,June,14,All Cases,7.41%
2018,Qtr 2,June,15,All Cases,8.00%
2018,Qtr 2,June,16,All Cases,8.33%
2018,Qtr 2,June,17,All Cases,22.22%
2018,Qtr 2,June,18,All Cases,12.50%
2018,Qtr 2,June,19,All Cases,11.90%
2018,Qtr 2,June,20,All Cases,11.11%
2018,Qtr 2,June,21,All Cases,10.91%
2018,Qtr 2,June,22,All Cases,8.33%
2018,Qtr 2,June,23,All Cases,10.00%
2018,Qtr 2,June,25,All Cases,10.26%
2018,Qtr 2,June,26,All Cases,9.38%
2018,Qtr 2,June,27,All Cases,6.82%
2018,Qtr 2,June,28,All Cases,6.45%
2018,Qtr 2,June,29,All Cases,0.00%
2018,Qtr 2,June,30,All Cases,14.29%
2018,Qtr 3,July,1,All Cases,0.00%
2018,Qtr 3,July,2,All Cases,16.92%
2018,Qtr 3,July,3,All Cases,17.54%
2018,Qtr 3,July,5,All Cases,20.99%
2018,Qtr 3,July,6,All Cases,8.33%
2018,Qtr 3,July,7,All Cases,0.00%
2018,Qtr 3,July,8,All Cases,33.33%
2018,Qtr 3,July,9,All Cases,10.39%
2018,Qtr 3,July,10,All Cases,7.55%
2018,Qtr 3,July,11,All Cases,13.56%
2018,Qtr 3,July,12,All Cases,8.93%
2018,Qtr 3,July,13,All Cases,12.12%
2018,Qtr 3,July,14,All Cases,0.00%
2018,Qtr 3,July,16,All Cases,17.65%
2018,Qtr 3,July,17,All Cases,15.49%
2018,Qtr 3,July,18,All Cases,8.62%
2018,Qtr 3,July,19,All Cases,21.43%
2018,Qtr 3,July,20,All Cases,3.45%
2018,Qtr 3,July,23,All Cases,15.63%
2018,Qtr 3,July,24,All Cases,29.09%
2018,Qtr 3,July,25,All Cases,13.89%
2018,Qtr 3,July,26,All Cases,2.63%
2018,Qtr 3,July,27,All Cases,23.68%
2018,Qtr 3,July,29,All Cases,0.00%
2018,Qtr 3,July,30,All Cases,1.75%
2018,Qtr 3,July,31,All Cases,12.50%
2018,Qtr 3,August,1,All Cases,13.16%
2018,Qtr 3,August,2,All Cases,11.36%
2018,Qtr 3,August,3,All Cases,8.00%
2018,Qtr 3,August,6,All Cases,16.88%
2018,Qtr 3,August,7,All Cases,12.50%
2018,Qtr 3,August,8,All Cases,10.00%
2018,Qtr 3,August,9,All Cases,8.93%
2018,Qtr 3,August,10,All Cases,17.65%
2018,Qtr 3,August,11,All Cases,0.00%
2018,Qtr 3,August,13,All Cases,12.50%
2018,Qtr 3,August,14,All Cases,27.40%
2018,Qtr 3,August,15,All Cases,15.38%
2018,Qtr 3,August,16,All Cases,15.79%
2018,Qtr 3,August,17,All Cases,19.35%
2018,Qtr 3,August,20,All Cases,14.93%
2018,Qtr 3,August,21,All Cases,16.98%
2018,Qtr 3,August,22,All Cases,2.13%
2018,Qtr 3,August,23,All Cases,10.64%
2018,Qtr 3,August,24,All Cases,16.67%
2018,Qtr 3,August,25,All Cases,0.00%
2018,Qtr 3,August,27,All Cases,11.94%
2018,Qtr 3,August,28,All Cases,15.25%
2018,Qtr 3,August,29,All Cases,22.92%
2018,Qtr 3,August,30,All Cases,10.64%
2018,Qtr 3,August,31,All Cases,4.76%
2018,Qtr 3,September,4,All Cases,9.78%
2018,Qtr 3,September,5,All Cases,17.02%
2018,Qtr 3,September,6,All Cases,15.69%
2018,Qtr 3,September,7,All Cases,25.00%
2018,Qtr 3,September,10,All Cases,15.79%
2018,Qtr 3,September,11,All Cases,14.58%
2018,Qtr 3,September,12,All Cases,26.83%
2018,Qtr 3,September,13,All Cases,23.33%
2018,Qtr 3,September,14,All Cases,4.76%
2018,Qtr 3,September,17,All Cases,14.81%
2018,Qtr 3,September,18,All Cases,16.00%
2018,Qtr 3,September,19,All Cases,26.92%
2018,Qtr 3,September,20,All Cases,7.41%
2018,Qtr 3,September,21,All Cases,17.14%
2018,Qtr 3,September,23,All Cases,50.00%
2018,Qtr 3,September,24,All Cases,9.21%
2018,Qtr 3,September,25,All Cases,15.38%
2018,Qtr 3,September,26,All Cases,11.11%
2018,Qtr 3,September,27,All Cases,14.89%
2018,Qtr 3,September,28,All Cases,13.33%
2018,Qtr 4,October,1,All Cases,17.44%
2018,Qtr 4,October,2,All Cases,12.96%
2018,Qtr 4,October,3,All Cases,13.04%
2018,Qtr 4,October,4,All Cases,9.38%
2018,Qtr 4,October,5,All Cases,7.69%
2018,Qtr 4,October,9,All Cases,14.29%
2018,Qtr 4,October,10,All Cases,12.73%
2018,Qtr 4,October,11,All Cases,12.50%
2018,Qtr 4,October,12,All Cases,18.18%
2018,Qtr 4,October,15,All Cases,13.64%
2018,Qtr 4,October,16,All Cases,8.82%
2018,Qtr 4,October,17,All Cases,20.41%
2018,Qtr 4,October,18,All Cases,13.46%
2018,Qtr 4,October,19,All Cases,8.57%
2018,Qtr 4,October,22,All Cases,18.18%
2018,Qtr 4,October,23,All Cases,12.24%
2018,Qtr 4,October,24,All Cases,20.97%
2018,Qtr 4,October,25,All Cases,30.23%
2018,Qtr 4,October,26,All Cases,3.45%
2018,Qtr 4,October,29,All Cases,7.14%
2018,Qtr 4,October,30,All Cases,6.52%
2018,Qtr 4,October,31,All Cases,11.76%
2018,Qtr 4,November,1,All Cases,10.00%
2018,Qtr 4,November,2,All Cases,4.76%
2018,Qtr 4,November,5,All Cases,11.11%
2018,Qtr 4,November,6,All Cases,21.33%
2018,Qtr 4,November,7,All Cases,12.50%
2018,Qtr 4,November,8,All Cases,7.14%
2018,Qtr 4,November,9,All Cases,3.57%
2018,Qtr 4,November,10,All Cases,0.00%
2018,Qtr 4,November,13,All Cases,12.66%
2018,Qtr 4,November,14,All Cases,15.38%
2018,Qtr 4,November,15,All Cases,5.00%
2018,Qtr 4,November,16,All Cases,15.63%
2018,Qtr 4,November,17,All Cases,0.00%
2018,Qtr 4,November,19,All Cases,10.14%
2018,Qtr 4,November,20,All Cases,12.77%
2018,Qtr 4,November,21,All Cases,24.56%
2018,Qtr 4,November,24,All Cases,0.00%
2018,Qtr 4,November,26,All Cases,10.71%
2018,Qtr 4,November,27,All Cases,16.42%
2018,Qtr 4,November,28,All Cases,18.92%
2018,Qtr 4,November,29,All Cases,10.53%
2018,Qtr 4,November,30,All Cases,22.58%
2018,Qtr 4,December,3,All Cases,16.33%
2018,Qtr 4,December,4,All Cases,3.64%
2018,Qtr 4,December,5,All Cases,20.00%
2018,Qtr 4,December,6,All Cases,26.67%
2018,Qtr 4,December,7,All Cases,0.00%
2018,Qtr 4,December,8,All Cases,0.00%
2018,Qtr 4,December,10,All Cases,14.86%
2018,Qtr 4,December,11,All Cases,0.00%
2018,Qtr 4,December,12,All Cases,13.04%
2018,Qtr 4,December,13,All Cases,17.86%
2018,Qtr 4,December,14,All Cases,11.54%
2018,Qtr 4,December,17,All Cases,12.68%
2018,Qtr 4,December,18,All Cases,2.04%
2018,Qtr 4,December,19,All Cases,6.12%
2018,Qtr 4,December,20,All Cases,5.77%
2018,Qtr 4,December,21,All Cases,11.11%
2018,Qtr 4,December,22,All Cases,0.00%
2018,Qtr 4,December,24,All Cases,9.59%
2018,Qtr 4,December,26,All Cases,16.67%
2018,Qtr 4,December,27,All Cases,17.07%
2018,Qtr 4,December,28,All Cases,6.67%
2018,Qtr 4,December,31,All Cases,10.00%
2019,Qtr 1,January,2,All Cases,17.46%
2019,Qtr 1,January,3,All Cases,8.33%
2019,Qtr 1,January,4,All Cases,10.53%
2019,Qtr 1,January,5,All Cases,0.00%
2019,Qtr 1,January,6,All Cases,0.00%
2019,Qtr 1,January,7,All Cases,16.67%
2019,Qtr 1,January,8,All Cases,18.18%
2019,Qtr 1,January,9,All Cases,16.00%
2019,Qtr 1,January,10,All Cases,5.00%
2019,Qtr 1,January,11,All Cases,10.34%
2019,Qtr 1,January,14,All Cases,6.94%
2019,Qtr 1,January,15,All Cases,14.00%
2019,Qtr 1,January,16,All Cases,2.70%
2019,Qtr 1,January,17,All Cases,14.58%
2019,Qtr 1,January,18,All Cases,11.43%
2019,Qtr 1,January,19,All Cases,0.00%
2019,Qtr 1,January,20,All Cases,0.00%
2019,Qtr 1,January,21,All Cases,100.00%
2019,Qtr 1,January,22,All Cases,11.11%
2019,Qtr 1,January,23,All Cases,12.96%
2019,Qtr 1,January,24,All Cases,6.52%
2019,Qtr 1,January,25,All Cases,11.11%
2019,Qtr 1,January,28,All Cases,15.52%
2019,Qtr 1,January,29,All Cases,16.28%
2019,Qtr 1,January,30,All Cases,13.95%
2019,Qtr 1,January,31,All Cases,6.52%
2019,Qtr 1,February,1,All Cases,9.09%
2019,Qtr 1,February,2,All Cases,16.13%
2019,Qtr 1,February,3,All Cases,25.00%
2019,Qtr 1,February,4,All Cases,12.50%
2019,Qtr 1,February,5,All Cases,11.76%
2019,Qtr 1,February,6,All Cases,8.82%
2019,Qtr 1,February,7,All Cases,9.09%
2019,Qtr 1,February,8,All Cases,9.62%
2019,Qtr 1,February,9,All Cases,15.15%
2019,Qtr 1,February,10,All Cases,50.00%
2019,Qtr 1,February,11,All Cases,15.07%
2019,Qtr 1,February,12,All Cases,6.25%
2019,Qtr 1,February,13,All Cases,9.26%
2019,Qtr 1,February,14,All Cases,17.50%
2019,Qtr 1,February,15,All Cases,3.23%
2019,Qtr 1,February,16,All Cases,15.15%
2019,Qtr 1,February,17,All Cases,0.00%
2019,Qtr 1,February,18,All Cases,0.00%
2019,Qtr 1,February,19,All Cases,11.32%
2019,Qtr 1,February,20,All Cases,16.39%
2019,Qtr 1,February,21,All Cases,10.00%
2019,Qtr 1,February,22,All Cases,13.73%
2019,Qtr 1,February,23,All Cases,0.00%
2019,Qtr 1,February,25,All Cases,14.06%
2019,Qtr 1,February,26,All Cases,13.64%
2019,Qtr 1,February,27,All Cases,17.78%
2019,Qtr 1,February,28,All Cases,4.65%
2019,Qtr 1,March,1,All Cases,6.06%
2019,Qtr 1,March,4,All Cases,8.62%
2019,Qtr 1,March,5,All Cases,13.51%
2019,Qtr 1,March,6,All Cases,15.22%
2019,Qtr 1,March,7,All Cases,9.30%
2019,Qtr 1,March,8,All Cases,23.81%
2019,Qtr 1,March,11,All Cases,15.09%
2019,Qtr 1,March,12,All Cases,8.70%
2019,Qtr 1,March,13,All Cases,17.65%
2019,Qtr 1,March,14,All Cases,10.64%
2019,Qtr 1,March,15,All Cases,19.23%
2019,Qtr 1,March,16,All Cases,0.00%
2019,Qtr 1,March,17,All Cases,0.00%
2019,Qtr 1,March,18,All Cases,8.77%
2019,Qtr 1,March,19,All Cases,8.51%
2019,Qtr 1,March,20,All Cases,10.53%
2019,Qtr 1,March,21,All Cases,12.77%
2019,Qtr 1,March,22,All Cases,25.58%
2019,Qtr 1,March,25,All Cases,9.09%
2019,Qtr 1,March,26,All Cases,14.29%
2019,Qtr 1,March,27,All Cases,16.07%
2019,Qtr 1,March,28,All Cases,12.77%
2019,Qtr 1,March,29,All Cases,4.17%
2019,Qtr 1,March,30,All Cases,12.12%
2019,Qtr 1,March,31,All Cases,37.50%
2019,Qtr 2,April,2,All Cases,8.43%
2019,Qtr 2,April,3,All Cases,10.45%
2019,Qtr 2,April,4,All Cases,10.87%
2019,Qtr 2,April,5,All Cases,11.11%
2019,Qtr 2,April,6,All Cases,0.00%
2019,Qtr 2,April,7,All Cases,50.00%
2019,Qtr 2,April,8,All Cases,15.15%
2019,Qtr 2,April,9,All Cases,18.97%
2019,Qtr 2,April,10,All Cases,17.02%
2019,Qtr 2,April,11,All Cases,8.89%
2019,Qtr 2,April,12,All Cases,11.54%
2019,Qtr 2,April,13,All Cases,6.25%
2019,Qtr 2,April,15,All Cases,14.49%
2019,Qtr 2,April,16,All Cases,15.38%
2019,Qtr 2,April,17,All Cases,12.00%
2019,Qtr 2,April,18,All Cases,9.52%
2019,Qtr 2,April,19,All Cases,13.64%
2019,Qtr 2,April,20,All Cases,52.63%
2019,Qtr 2,April,22,All Cases,4.23%
2019,Qtr 2,April,23,All Cases,18.57%
2019,Qtr 2,April,24,All Cases,15.15%
2019,Qtr 2,April,25,All Cases,10.81%
2019,Qtr 2,April,26,All Cases,19.44%
2019,Qtr 2,April,27,All Cases,5.56%
2019,Qtr 2,April,28,All Cases,22.22%
2019,Qtr 2,April,29,All Cases,8.00%
2019,Qtr 2,April,30,All Cases,9.80%
2019,Qtr 2,May,1,All Cases,5.26%
2019,Qtr 2,May,2,All Cases,9.76%
2019,Qtr 2,May,3,All Cases,15.15%
2019,Qtr 2,May,5,All Cases,31.25%
2019,Qtr 2,May,6,All Cases,13.70%
2019,Qtr 2,May,7,All Cases,14.71%
2019,Qtr 2,May,8,All Cases,10.34%
2019,Qtr 2,May,9,All Cases,10.42%
2019,Qtr 2,May,10,All Cases,11.43%
2019,Qtr 2,May,11,All Cases,11.11%
2019,Qtr 2,May,13,All Cases,8.33%
2019,Qtr 2,May,14,All Cases,16.28%
2019,Qtr 2,May,15,All Cases,15.00%
2019,Qtr 2,May,16,All Cases,7.89%
2019,Qtr 2,May,17,All Cases,20.00%
2019,Qtr 2,May,18,All Cases,50.00%
2019,Qtr 2,May,19,All Cases,50.00%
2019,Qtr 2,May,20,All Cases,14.00%
2019,Qtr 2,May,21,All Cases,10.00%
2019,Qtr 2,May,22,All Cases,18.92%
2019,Qtr 2,May,23,All Cases,26.67%
2019,Qtr 2,May,24,All Cases,15.00%
2019,Qtr 2,May,25,All Cases,50.00%
2019,Qtr 2,May,26,All Cases,20.00%
2019,Qtr 2,May,28,All Cases,9.86%
2019,Qtr 2,May,29,All Cases,7.14%
2019,Qtr 2,May,30,All Cases,16.22%
2019,Qtr 2,May,31,All Cases,20.93%
2019,Qtr 2,June,1,All Cases,28.57%
2019,Qtr 2,June,2,All Cases,0.00%
2019,Qtr 2,June,3,All Cases,9.76%
2019,Qtr 2,June,4,All Cases,22.41%
2019,Qtr 2,June,5,All Cases,20.00%
2019,Qtr 2,June,6,All Cases,11.67%
2019,Qtr 2,June,7,All Cases,13.33%
2019,Qtr 2,June,8,All Cases,0.00%
2019,Qtr 2,June,9,All Cases,9.09%
2019,Qtr 2,June,10,All Cases,14.56%
2019,Qtr 2,June,11,All Cases,25.76%
2019,Qtr 2,June,12,All Cases,18.60%
2019,Qtr 2,June,13,All Cases,12.77%
2019,Qtr 2,June,14,All Cases,13.95%
2019,Qtr 2,June,15,All Cases,60.00%
2019,Qtr 2,June,17,All Cases,20.59%
2019,Qtr 2,June,18,All Cases,20.31%
2019,Qtr 2,June,19,All Cases,22.00%
2019,Qtr 2,June,20,All Cases,20.59%
2019,Qtr 2,June,21,All Cases,15.63%
2019,Qtr 2,June,22,All Cases,0.00%
2019,Qtr 2,June,23,All Cases,28.57%
2019,Qtr 2,June,24,All Cases,10.96%
2019,Qtr 2,June,25,All Cases,15.87%
2019,Qtr 2,June,26,All Cases,34.88%
2019,Qtr 2,June,27,All Cases,11.90%
2019,Qtr 2,June,28,All Cases,8.57%
2019,Qtr 2,June,29,All Cases,22.22%
2019,Qtr 2,June,30,All Cases,0.00%
2019,Qtr 3,July,1,All Cases,18.60%
2019,Qtr 3,July,2,All Cases,17.02%
2019,Qtr 3,July,3,All Cases,9.09%
2019,Qtr 3,July,5,All Cases,15.91%
2019,Qtr 3,July,6,All Cases,0.00%
2019,Qtr 3,July,8,All Cases,13.11%
2019,Qtr 3,July,9,All Cases,17.86%
2019,Qtr 3,July,10,All Cases,20.00%
2019,Qtr 3,July,11,All Cases,31.43%
2019,Qtr 3,July,12,All Cases,10.00%
2019,Qtr 3,July,15,All Cases,14.71%
2019,Qtr 3,July,16,All Cases,12.73%
2019,Qtr 3,July,17,All Cases,25.53%
2019,Qtr 3,July,18,All Cases,16.00%
2019,Qtr 3,July,19,All Cases,12.12%
2019,Qtr 3,July,21,All Cases,66.67%
2019,Qtr 3,July,22,All Cases,17.54%
2019,Qtr 3,July,23,All Cases,10.42%
2019,Qtr 3,July,24,All Cases,10.34%
2019,Qtr 3,July,25,All Cases,28.26%
2019,Qtr 3,July,26,All Cases,21.43%
2019,Qtr 3,July,27,All Cases,4.76%
2019,Qtr 3,July,28,All Cases,0.00%
2019,Qtr 3,July,29,All Cases,13.79%
2019,Qtr 3,July,30,All Cases,9.62%
2019,Qtr 3,July,31,All Cases,15.22%
2019,Qtr 3,August,1,All Cases,8.00%
2019,Qtr 3,August,2,All Cases,12.90%
2019,Qtr 3,August,3,All Cases,0.00%
2019,Qtr 3,August,5,All Cases,16.22%
2019,Qtr 3,August,6,All Cases,10.00%
2019,Qtr 3,August,7,All Cases,10.64%
2019,Qtr 3,August,8,All Cases,13.95%
2019,Qtr 3,August,9,All Cases,5.71%
2019,Qtr 3,August,10,All Cases,10.00%
2019,Qtr 3,August,12,All Cases,13.73%
2019,Qtr 3,August,13,All Cases,14.94%
2019,Qtr 3,August,14,All Cases,23.53%
2019,Qtr 3,August,15,All Cases,16.33%
2019,Qtr 3,August,16,All Cases,17.65%
2019,Qtr 3,August,17,All Cases,7.41%
2019,Qtr 3,August,19,All Cases,22.89%
2019,Qtr 3,August,20,All Cases,18.18%
2019,Qtr 3,August,21,All Cases,17.02%
2019,Qtr 3,August,22,All Cases,17.50%
2019,Qtr 3,August,23,All Cases,17.95%
2019,Qtr 3,August,24,All Cases,7.14%
2019,Qtr 3,August,25,All Cases,33.33%
2019,Qtr 3,August,26,All Cases,15.28%
2019,Qtr 3,August,27,All Cases,26.67%
2019,Qtr 3,August,28,All Cases,28.00%
2019,Qtr 3,August,29,All Cases,20.45%
2019,Qtr 3,August,30,All Cases,6.67%
2019,Qtr 3,August,31,All Cases,8.33%
2019,Qtr 3,September,1,All Cases,28.57%
2019,Qtr 3,September,3,All Cases,29.91%
2019,Qtr 3,September,4,All Cases,22.06%
2019,Qtr 3,September,5,All Cases,22.22%
2019,Qtr 3,September,6,All Cases,19.57%
2019,Qtr 3,September,7,All Cases,0.00%
2019,Qtr 3,September,8,All Cases,10.00%
2019,Qtr 3,September,9,All Cases,16.07%
2019,Qtr 3,September,10,All Cases,18.97%
2019,Qtr 3,September,11,All Cases,23.08%
2019,Qtr 3,September,12,All Cases,18.18%
2019,Qtr 3,September,13,All Cases,14.63%
2019,Qtr 3,September,14,All Cases,16.67%
2019,Qtr 3,September,16,All Cases,25.76%
2019,Qtr 3,September,17,All Cases,16.90%
2019,Qtr 3,September,18,All Cases,22.86%
2019,Qtr 3,September,19,All Cases,16.67%
2019,Qtr 3,September,20,All Cases,24.24%
2019,Qtr 3,September,21,All Cases,0.00%
2019,Qtr 3,September,22,All Cases,20.00%
2019,Qtr 3,September,23,All Cases,17.86%
2019,Qtr 3,September,24,All Cases,25.93%
2019,Qtr 3,September,25,All Cases,26.83%
2019,Qtr 3,September,26,All Cases,26.83%
2019,Qtr 3,September,27,All Cases,17.24%
2019,Qtr 3,September,28,All Cases,20.00%
2019,Qtr 3,September,29,All Cases,0.00%
2019,Qtr 3,September,30,All Cases,20.22%
2019,Qtr 4,October,1,All Cases,18.00%
2019,Qtr 4,October,2,All Cases,40.48%
2019,Qtr 4,October,3,All Cases,10.00%
2019,Qtr 4,October,4,All Cases,14.71%
2019,Qtr 4,October,5,All Cases,22.22%
2019,Qtr 4,October,6,All Cases,20.00%
2019,Qtr 4,October,7,All Cases,21.31%
2019,Qtr 4,October,8,All Cases,5.36%
2019,Qtr 4,October,9,All Cases,13.64%
2019,Qtr 4,October,10,All Cases,13.21%
2019,Qtr 4,October,11,All Cases,5.13%
2019,Qtr 4,October,15,All Cases,24.47%
2019,Qtr 4,October,16,All Cases,9.52%
2019,Qtr 4,October,17,All Cases,22.92%
2019,Qtr 4,October,18,All Cases,26.79%
2019,Qtr 4,October,19,All Cases,7.69%
2019,Qtr 4,October,21,All Cases,26.60%
2019,Qtr 4,October,22,All Cases,20.55%
2019,Qtr 4,October,23,All Cases,26.83%
2019,Qtr 4,October,24,All Cases,22.22%
2019,Qtr 4,October,25,All Cases,19.05%
2019,Qtr 4,October,28,All Cases,8.51%
2019,Qtr 4,October,29,All Cases,34.85%
2019,Qtr 4,October,30,All Cases,25.58%
2019,Qtr 4,October,31,All Cases,21.62%
2019,Qtr 4,November,1,All Cases,33.33%
2019,Qtr 4,November,2,All Cases,0.00%
2019,Qtr 4,November,4,All Cases,19.57%
2019,Qtr 4,November,5,All Cases,12.68%
2019,Qtr 4,November,6,All Cases,8.89%
2019,Qtr 4,November,7,All Cases,11.90%
2019,Qtr 4,November,8,All Cases,17.24%
2019,Qtr 4,November,12,All Cases,15.38%
2019,Qtr 4,November,13,All Cases,24.56%
2019,Qtr 4,November,14,All Cases,19.23%
2019,Qtr 4,November,15,All Cases,17.86%
2019,Qtr 4,November,18,All Cases,19.74%
2019,Qtr 4,November,19,All Cases,13.04%
2019,Qtr 4,November,20,All Cases,16.13%
2019,Qtr 4,November,21,All Cases,6.12%
2019,Qtr 4,November,22,All Cases,10.00%
2019,Qtr 4,November,25,All Cases,25.37%
2019,Qtr 4,November,26,All Cases,29.63%
2019,Qtr 4,November,27,All Cases,17.14%
2019,Qtr 4,December,2,All Cases,17.81%
2019,Qtr 4,December,3,All Cases,18.18%
2019,Qtr 4,December,4,All Cases,14.29%
2019,Qtr 4,December,5,All Cases,13.64%
2019,Qtr 4,December,6,All Cases,20.00%
2019,Qtr 4,December,9,All Cases,21.15%
2019,Qtr 4,December,10,All Cases,22.83%
2019,Qtr 4,December,11,All Cases,8.16%
2019,Qtr 4,December,12,All Cases,12.50%
2019,Qtr 4,December,13,All Cases,14.29%
2019,Qtr 4,December,16,All Cases,22.22%
2019,Qtr 4,December,17,All Cases,18.37%
2019,Qtr 4,December,18,All Cases,3.57%
2019,Qtr 4,December,19,All Cases,20.00%
2019,Qtr 4,December,20,All Cases,13.33%
2019,Qtr 4,December,23,All Cases,14.08%
2019,Qtr 4,December,24,All Cases,15.91%
2019,Qtr 4,December,26,All Cases,24.00%
2019,Qtr 4,December,27,All Cases,20.00%
2019,Qtr 4,December,30,All Cases,26.15%
2019,Qtr 4,December,31,All Cases,6.67%
2020,Qtr 1,January,2,All Cases,16.98%
2020,Qtr 1,January,3,All Cases,10.00%
2020,Qtr 1,January,4,All Cases,20.00%
2020,Qtr 1,January,5,All Cases,33.33%
2020,Qtr 1,January,6,All Cases,21.95%
2020,Qtr 1,January,7,All Cases,29.82%
2020,Qtr 1,January,8,All Cases,21.28%
2020,Qtr 1,January,9,All Cases,6.67%
2020,Qtr 1,January,10,All Cases,27.66%
2020,Qtr 1,January,11,All Cases,34.62%
2020,Qtr 1,January,12,All Cases,7.14%
2020,Qtr 1,January,13,All Cases,10.14%
2020,Qtr 1,January,14,All Cases,11.86%
2020,Qtr 1,January,15,All Cases,17.65%
2020,Qtr 1,January,16,All Cases,11.29%
2020,Qtr 1,January,17,All Cases,25.71%
2020,Qtr 1,January,18,All Cases,17.86%
2020,Qtr 1,January,19,All Cases,16.67%
2020,Qtr 1,January,21,All Cases,13.45%
2020,Qtr 1,January,22,All Cases,11.86%
2020,Qtr 1,January,23,All Cases,18.18%
2020,Qtr 1,January,24,All Cases,3.13%
2020,Qtr 1,January,25,All Cases,13.33%
2020,Qtr 1,January,26,All Cases,0.00%
2020,Qtr 1,January,27,All Cases,16.42%
2020,Qtr 1,January,28,All Cases,13.46%
2020,Qtr 1,January,29,All Cases,20.00%
2020,Qtr 1,January,30,All Cases,18.37%
2020,Qtr 1,January,31,All Cases,13.51%
2020,Qtr 1,February,1,All Cases,28.57%
2020,Qtr 1,February,2,All Cases,12.50%
2020,Qtr 1,February,3,All Cases,24.14%
2020,Qtr 1,February,4,All Cases,18.75%
2020,Qtr 1,February,5,All Cases,32.26%
2020,Qtr 1,February,6,All Cases,31.25%
2020,Qtr 1,February,7,All Cases,16.67%
2020,Qtr 1,February,8,All Cases,100.00%
2020,Qtr 1,February,9,All Cases,71.43%
2020,Qtr 1,February,10,All Cases,24.00%
2020,Qtr 1,February,11,All Cases,19.05%
2020,Qtr 1,February,12,All Cases,16.13%
2020,Qtr 1,February,13,All Cases,19.51%
2020,Qtr 1,February,14,All Cases,20.00%
2020,Qtr 1,February,15,All Cases,10.00%
2020,Qtr 1,February,16,All Cases,9.09%
2020,Qtr 1,February,18,All Cases,18.75%
2020,Qtr 1,February,19,All Cases,20.34%
2020,Qtr 1,February,20,All Cases,9.38%
2020,Qtr 1,February,21,All Cases,17.02%
2020,Qtr 1,February,22,All Cases,35.71%
2020,Qtr 1,February,23,All Cases,0.00%
2020,Qtr 1,February,24,All Cases,22.22%
2020,Qtr 1,February,25,All Cases,18.52%
2020,Qtr 1,February,26,All Cases,14.81%
2020,Qtr 1,February,27,All Cases,17.95%
2020,Qtr 1,February,28,All Cases,15.38%
2020,Qtr 1,February,29,All Cases,0.00%
2020,Qtr 1,March,1,All Cases,66.67%
2020,Qtr 1,March,2,All Cases,21.13%
2020,Qtr 1,March,3,All Cases,13.16%
2020,Qtr 1,March,4,All Cases,15.91%
2020,Qtr 1,March,5,All Cases,9.76%
2020,Qtr 1,March,6,All Cases,17.86%
2020,Qtr 1,March,7,All Cases,0.00%
2020,Qtr 1,March,8,All Cases,0.00%
2020,Qtr 1,March,9,All Cases,15.09%
2020,Qtr 1,March,10,All Cases,24.39%
2020,Qtr 1,March,11,All Cases,16.67%
2020,Qtr 1,March,12,All Cases,22.22%
2020,Qtr 1,March,13,All Cases,6.67%
2020,Qtr 1,March,14,All Cases,0.00%
2020,Qtr 1,March,15,All Cases,28.57%
2020,Qtr 1,March,16,All Cases,17.65%
2020,Qtr 1,March,17,All Cases,14.81%
2020,Qtr 1,March,18,All Cases,17.65%
2020,Qtr 1,March,19,All Cases,15.63%
2020,Qtr 1,March,20,All Cases,23.53%
2020,Qtr 1,March,23,All Cases,28.00%
2020,Qtr 1,March,24,All Cases,33.33%
2020,Qtr 1,March,25,All Cases,29.17%
2020,Qtr 1,March,26,All Cases,29.17%
2020,Qtr 1,March,27,All Cases,19.05%
2020,Qtr 1,March,30,All Cases,25.49%
2020,Qtr 2,April,1,All Cases,10.94%
2020,Qtr 2,April,2,All Cases,19.35%
2020,Qtr 2,April,3,All Cases,29.17%
2020,Qtr 2,April,6,All Cases,27.12%
2020,Qtr 2,April,7,All Cases,13.89%
2020,Qtr 2,April,8,All Cases,16.67%
2020,Qtr 2,April,9,All Cases,29.55%
2020,Qtr 2,April,10,All Cases,29.41%
2020,Qtr 2,April,11,All Cases,0.00%
2020,Qtr 2,April,12,All Cases,0.00%
2020,Qtr 2,April,13,All Cases,19.44%
2020,Qtr 2,April,14,All Cases,20.00%
2020,Qtr 2,April,15,All Cases,28.21%
2020,Qtr 2,April,16,All Cases,17.02%
2020,Qtr 2,April,17,All Cases,12.50%
2020,Qtr 2,April,18,All Cases,42.86%
2020,Qtr 2,April,19,All Cases,0.00%
2020,Qtr 2,April,20,All Cases,7.81%
2020,Qtr 2,April,21,All Cases,6.98%
2020,Qtr 2,April,22,All Cases,33.33%
2020,Qtr 2,April,23,All Cases,31.25%
2020,Qtr 2,April,24,All Cases,15.63%
2020,Qtr 2,April,25,All Cases,0.00%
2020,Qtr 2,April,26,All Cases,0.00%
2020,Qtr 2,April,27,All Cases,18.52%
2020,Qtr 2,April,28,All Cases,21.82%
2020,Qtr 2,April,29,All Cases,17.78%
2020,Qtr 2,April,30,All Cases,20.00%
2020,Qtr 2,May,1,All Cases,20.00%
2020,Qtr 2,May,3,All Cases,0.00%
2020,Qtr 2,May,4,All Cases,21.15%
2020,Qtr 2,May,5,All Cases,10.64%
2020,Qtr 2,May,6,All Cases,17.07%
2020,Qtr 2,May,7,All Cases,20.59%
2020,Qtr 2,May,8,All Cases,13.64%
2020,Qtr 2,May,9,All Cases,14.29%
2020,Qtr 2,May,10,All Cases,25.00%
2020,Qtr 2,May,11,All Cases,8.51%
2020,Qtr 2,May,12,All Cases,13.21%
2020,Qtr 2,May,13,All Cases,20.00%
2020,Qtr 2,May,14,All Cases,16.22%
2020,Qtr 2,May,15,All Cases,24.00%
2020,Qtr 2,May,17,All Cases,0.00%
2020,Qtr 2,May,18,All Cases,32.89%
2020,Qtr 2,May,19,All Cases,17.07%
2020,Qtr 2,May,20,All Cases,21.43%
2020,Qtr 2,May,21,All Cases,17.86%
2020,Qtr 2,May,22,All Cases,5.00%
2020,Qtr 2,May,24,All Cases,0.00%
2020,Qtr 2,May,25,All Cases,0.00%
2020,Qtr 2,May,26,All Cases,8.20%
2020,Qtr 2,May,27,All Cases,16.46%
2020,Qtr 2,May,28,All Cases,17.39%
2020,Qtr 2,May,29,All Cases,18.18%
2020,Qtr 2,May,31,All Cases,50.00%
2020,Qtr 2,June,1,All Cases,11.36%
2020,Qtr 2,June,2,All Cases,23.08%
2020,Qtr 2,June,3,All Cases,17.65%
2020,Qtr 2,June,4,All Cases,19.15%
2020,Qtr 2,June,5,All Cases,20.00%
2020,Qtr 2,June,6,All Cases,0.00%
2020,Qtr 2,June,7,All Cases,0.00%
2020,Qtr 2,June,8,All Cases,14.75%
2020,Qtr 2,June,9,All Cases,16.00%
2020,Qtr 2,June,10,All Cases,13.33%
2020,Qtr 2,June,11,All Cases,23.68%
2020,Qtr 2,June,12,All Cases,12.82%
2020,Qtr 2,June,13,All Cases,0.00%
2020,Qtr 2,June,14,All Cases,14.29%
2020,Qtr 2,June,15,All Cases,4.55%
2020,Qtr 2,June,16,All Cases,20.51%
2020,Qtr 2,June,17,All Cases,22.22%
2020,Qtr 2,June,18,All Cases,2.86%
2020,Qtr 2,June,19,All Cases,15.38%
2020,Qtr 2,June,20,All Cases,0.00%
2020,Qtr 2,June,21,All Cases,40.00%
2020,Qtr 2,June,22,All Cases,23.08%
2020,Qtr 2,June,23,All Cases,19.57%
2020,Qtr 2,June,24,All Cases,23.53%
2020,Qtr 2,June,25,All Cases,14.71%
2020,Qtr 2,June,26,All Cases,4.00%
2020,Qtr 2,June,27,All Cases,0.00%
2020,Qtr 2,June,28,All Cases,0.00%
2020,Qtr 2,June,29,All Cases,20.51%
2020,Qtr 2,June,30,All Cases,19.44%
2020,Qtr 3,July,1,All Cases,22.22%
2020,Qtr 3,July,2,All Cases,35.71%
2020,Qtr 3,July,3,All Cases,0.00%
2020,Qtr 3,July,6,All Cases,21.82%
2020,Qtr 3,July,7,All Cases,19.67%
2020,Qtr 3,July,8,All Cases,28.13%
2020,Qtr 3,July,9,All Cases,13.04%
2020,Qtr 3,July,10,All Cases,25.58%
2020,Qtr 3,July,11,All Cases,0.00%
2020,Qtr 3,July,12,All Cases,44.44%
2020,Qtr 3,July,13,All Cases,19.23%
2020,Qtr 3,July,14,All Cases,17.31%
2020,Qtr 3,July,15,All Cases,21.05%
2020,Qtr 3,July,16,All Cases,14.29%
2020,Qtr 3,July,17,All Cases,10.00%
2020,Qtr 3,July,18,All Cases,60.00%
2020,Qtr 3,July,19,All Cases,0.00%
2020,Qtr 3,July,20,All Cases,16.00%
2020,Qtr 3,July,21,All Cases,23.33%
2020,Qtr 3,July,22,All Cases,24.32%
2020,Qtr 3,July,23,All Cases,22.50%
2020,Qtr 3,July,24,All Cases,5.00%
2020,Qtr 3,July,25,All Cases,45.00%
2020,Qtr 3,July,26,All Cases,22.22%
2020,Qtr 3,July,27,All Cases,19.30%
2020,Qtr 3,July,28,All Cases,22.00%
2020,Qtr 3,July,29,All Cases,22.58%
2020,Qtr 3,July,30,All Cases,12.50%
2020,Qtr 3,July,31,All Cases,23.08%
2020,Qtr 3,August,1,All Cases,0.00%
2020,Qtr 3,August,2,All Cases,0.00%
2020,Qtr 3,August,3,All Cases,13.56%
2020,Qtr 3,August,4,All Cases,13.95%
2020,Qtr 3,August,5,All Cases,6.38%
2020,Qtr 3,August,6,All Cases,13.79%
2020,Qtr 3,August,7,All Cases,24.00%
2020,Qtr 3,August,8,All Cases,25.00%
2020,Qtr 3,August,9,All Cases,33.33%
2020,Qtr 3,August,10,All Cases,13.04%
2020,Qtr 3,August,11,All Cases,26.79%
2020,Qtr 3,August,12,All Cases,23.40%
2020,Qtr 3,August,13,All Cases,9.80%
2020,Qtr 3,August,14,All Cases,29.17%
2020,Qtr 3,August,17,All Cases,27.38%
2020,Qtr 3,August,18,All Cases,17.02%
2020,Qtr 3,August,19,All Cases,7.69%
2020,Qtr 3,August,20,All Cases,26.32%
2020,Qtr 3,August,21,All Cases,18.00%
2020,Qtr 3,August,22,All Cases,20.00%
2020,Qtr 3,August,24,All Cases,16.67%
2020,Qtr 3,August,25,All Cases,16.67%
2020,Qtr 3,August,26,All Cases,28.57%
2020,Qtr 3,August,27,All Cases,22.41%
2020,Qtr 3,August,28,All Cases,17.14%
2020,Qtr 3,August,29,All Cases,0.00%
2020,Qtr 3,August,30,All Cases,0.00%
2020,Qtr 3,August,31,All Cases,11.32%
2020,Qtr 3,September,1,All Cases,21.82%
2020,Qtr 3,September,2,All Cases,18.75%
2020,Qtr 3,September,3,All Cases,17.07%
2020,Qtr 3,September,4,All Cases,14.29%
2020,Qtr 3,September,5,All Cases,0.00%
2020,Qtr 3,September,8,All Cases,14.71%
2020,Qtr 3,September,9,All Cases,32.56%
2020,Qtr 3,September,10,All Cases,17.50%
2020,Qtr 3,September,11,All Cases,0.00%
2020,Qtr 3,September,13,All Cases,0.00%
2020,Qtr 3,September,14,All Cases,15.63%
2020,Qtr 3,September,15,All Cases,28.30%
2020,Qtr 3,September,16,All Cases,22.39%
2020,Qtr 3,September,17,All Cases,21.31%
2020,Qtr 3,September,18,All Cases,23.08%
2020,Qtr 3,September,21,All Cases,14.49%
2020,Qtr 3,September,22,All Cases,20.75%
2020,Qtr 3,September,23,All Cases,19.05%
2020,Qtr 3,September,24,All Cases,19.05%
2020,Qtr 3,September,25,All Cases,22.86%
2020,Qtr 3,September,28,All Cases,28.57%
2020,Qtr 3,September,29,All Cases,18.07%
2020,Qtr 3,September,30,All Cases,14.29%
2020,Qtr 4,October,1,All Cases,19.15%
2020,Qtr 4,October,2,All Cases,24.24%
2020,Qtr 4,October,4,All Cases,0.00%
2020,Qtr 4,October,5,All Cases,19.23%
2020,Qtr 4,October,6,All Cases,27.59%
2020,Qtr 4,October,7,All Cases,16.28%
2020,Qtr 4,October,8,All Cases,14.29%
2020,Qtr 4,October,9,All Cases,13.79%
2020,Qtr 4,October,10,All Cases,80.00%
2020,Qtr 4,October,12,All Cases,0.00%
2020,Qtr 4,October,13,All Cases,20.31%
2020,Qtr 4,October,14,All Cases,21.43%
2020,Qtr 4,October,15,All Cases,25.64%
2020,Qtr 4,October,16,All Cases,21.05%
2020,Qtr 4,October,17,All Cases,20.00%
2020,Qtr 4,October,19,All Cases,17.98%
2020,Qtr 4,October,20,All Cases,24.62%
2020,Qtr 4,October,21,All Cases,14.29%
2020,Qtr 4,October,22,All Cases,19.35%
2020,Qtr 4,October,23,All Cases,27.03%
2020,Qtr 4,October,24,All Cases,0.00%
2020,Qtr 4,October,25,All Cases,100.00%
2020,Qtr 4,October,26,All Cases,15.22%
2020,Qtr 4,October,27,All Cases,15.63%
2020,Qtr 4,October,28,All Cases,11.76%
2020,Qtr 4,October,29,All Cases,12.82%
2020,Qtr 4,October,30,All Cases,17.24%
2020,Qtr 4,October,31,All Cases,0.00%
2020,Qtr 4,November,2,All Cases,21.54%
2020,Qtr 4,November,3,All Cases,20.34%
2020,Qtr 4,November,4,All Cases,18.75%
2020,Qtr 4,November,5,All Cases,20.59%
2020,Qtr 4,November,6,All Cases,36.36%
2020,Qtr 4,November,7,All Cases,45.45%
2020,Qtr 4,November,8,All Cases,0.00%
2020,Qtr 4,November,9,All Cases,32.61%
2020,Qtr 4,November,10,All Cases,20.00%
2020,Qtr 4,November,11,All Cases,0.00%
2020,Qtr 4,November,12,All Cases,22.95%
2020,Qtr 4,November,13,All Cases,25.00%
2020,Qtr 4,November,14,All Cases,0.00%
2020,Qtr 4,November,15,All Cases,0.00%
2020,Qtr 4,November,16,All Cases,20.31%
2020,Qtr 4,November,17,All Cases,16.83%
2020,Qtr 4,November,18,All Cases,17.86%
2020,Qtr 4,November,19,All Cases,24.24%
2020,Qtr 4,November,20,All Cases,16.28%
2020,Qtr 4,November,21,All Cases,14.29%
2020,Qtr 4,November,23,All Cases,23.26%
2020,Qtr 4,November,24,All Cases,11.25%
2020,Qtr 4,November,25,All Cases,17.78%
2020,Qtr 4,November,28,All Cases,27.91%
2020,Qtr 4,November,29,All Cases,33.33%
2020,Qtr 4,November,30,All Cases,17.74%
2020,Qtr 4,December,1,All Cases,17.65%
2020,Qtr 4,December,2,All Cases,28.26%
2020,Qtr 4,December,3,All Cases,20.59%
2020,Qtr 4,December,4,All Cases,31.43%
2020,Qtr 4,December,6,All Cases,33.33%
2020,Qtr 4,December,7,All Cases,20.00%
2020,Qtr 4,December,8,All Cases,28.57%
2020,Qtr 4,December,9,All Cases,32.00%
2020,Qtr 4,December,10,All Cases,29.41%
2020,Qtr 4,December,11,All Cases,14.81%
2020,Qtr 4,December,12,All Cases,0.00%
2020,Qtr 4,December,14,All Cases,18.64%
2020,Qtr 4,December,15,All Cases,29.17%
2020,Qtr 4,December,16,All Cases,6.67%
2020,Qtr 4,December,17,All Cases,18.42%
2020,Qtr 4,December,18,All Cases,14.29%
2020,Qtr 4,December,20,All Cases,0.00%
2020,Qtr 4,December,21,All Cases,18.75%
2020,Qtr 4,December,22,All Cases,18.97%
2020,Qtr 4,December,23,All Cases,34.78%
2020,Qtr 4,December,24,All Cases,18.75%
2020,Qtr 4,December,28,All Cases,20.59%
2020,Qtr 4,December,29,All Cases,21.21%
2020,Qtr 4,December,30,All Cases,19.05%
2020,Qtr 4,December,31,All Cases,10.00%
2021,Qtr 1,January,3,All Cases,100.00%
2021,Qtr 1,January,4,All Cases,17.86%
2021,Qtr 1,January,5,All Cases,14.06%
2021,Qtr 1,January,6,All Cases,22.92%
2021,Qtr 1,January,7,All Cases,16.28%
2021,Qtr 1,January,8,All Cases,32.26%
2021,Qtr 1,January,11,All Cases,10.61%
2021,Qtr 1,January,12,All Cases,19.67%
2021,Qtr 1,January,13,All Cases,17.65%
2021,Qtr 1,January,14,All Cases,24.39%
2021,Qtr 1,January,15,All Cases,24.44%
2021,Qtr 1,January,17,All Cases,0.00%
2021,Qtr 1,January,18,All Cases,0.00%
2021,Qtr 1,January,19,All Cases,25.00%
2021,Qtr 1,January,20,All Cases,27.54%
2021,Qtr 1,January,21,All Cases,22.22%
2021,Qtr 1,January,22,All Cases,24.32%
2021,Qtr 1,January,25,All Cases,22.73%
2021,Qtr 1,January,26,All Cases,17.14%
2021,Qtr 1,January,27,All Cases,34.78%
2021,Qtr 1,January,28,All Cases,18.42%
2021,Qtr 1,January,29,All Cases,24.00%
2021,Qtr 1,January,31,All Cases,0.00%
2021,Qtr 1,February,1,All Cases,15.09%
2021,Qtr 1,February,2,All Cases,22.00%
2021,Qtr 1,February,3,All Cases,22.22%
2021,Qtr 1,February,4,All Cases,29.17%
2021,Qtr 1,February,5,All Cases,34.38%
2021,Qtr 1,February,8,All Cases,22.41%
2021,Qtr 1,February,9,All Cases,22.03%
2021,Qtr 1,February,10,All Cases,14.93%
2021,Qtr 1,February,11,All Cases,22.58%
2021,Qtr 1,February,12,All Cases,13.04%
2021,Qtr 1,February,16,All Cases,22.89%
2021,Qtr 1,February,17,All Cases,22.37%
2021,Qtr 1,February,18,All Cases,14.89%
2021,Qtr 1,February,19,All Cases,13.79%
2021,Qtr 1,February,22,All Cases,26.53%
2021,Qtr 1,February,23,All Cases,31.48%
2021,Qtr 1,February,24,All Cases,20.00%
2021,Qtr 1,February,25,All Cases,24.00%
2021,Qtr 1,February,26,All Cases,17.95%
2021,Qtr 1,February,27,All Cases,50.00%
2021,Qtr 1,March,1,All Cases,32.08%
2021,Qtr 1,March,2,All Cases,17.65%
2021,Qtr 1,March,3,All Cases,15.56%
2021,Qtr 1,March,4,All Cases,21.15%
2021,Qtr 1,March,5,All Cases,13.33%
2021,Qtr 1,March,6,All Cases,0.00%
2021,Qtr 1,March,7,All Cases,0.00%
2021,Qtr 1,March,8,All Cases,20.63%
2021,Qtr 1,March,9,All Cases,21.82%
2021,Qtr 1,March,10,All Cases,11.11%
2021,Qtr 1,March,11,All Cases,18.52%
2021,Qtr 1,March,12,All Cases,15.79%
2021,Qtr 1,March,14,All Cases,100.00%
2021,Qtr 1,March,15,All Cases,28.30%
2021,Qtr 1,March,16,All Cases,27.08%
2021,Qtr 1,March,17,All Cases,14.29%
2021,Qtr 1,March,18,All Cases,24.39%
2021,Qtr 1,March,19,All Cases,27.91%
2021,Qtr 1,March,21,All Cases,0.00%
2021,Qtr 1,March,22,All Cases,23.61%
2021,Qtr 1,March,23,All Cases,19.51%
2021,Qtr 1,March,24,All Cases,25.00%
2021,Qtr 1,March,25,All Cases,24.62%
2021,Qtr 1,March,26,All Cases,14.29%
2021,Qtr 1,March,27,All Cases,0.00%
2021,Qtr 1,March,29,All Cases,18.37%
2021,Qtr 1,March,30,All Cases,17.74%
2021,Qtr 1,March,31,All Cases,0.00%
2021,Qtr 2,April,1,All Cases,30.61%
2021,Qtr 2,April,2,All Cases,20.00%
2021,Qtr 2,April,5,All Cases,22.06%
2021,Qtr 2,April,6,All Cases,27.69%
2021,Qtr 2,April,7,All Cases,14.81%
2021,Qtr 2,April,8,All Cases,20.00%
2021,Qtr 2,April,9,All Cases,30.77%
2021,Qtr 2,April,10,All Cases,0.00%
2021,Qtr 2,April,11,All Cases,0.00%
2021,Qtr 2,April,12,All Cases,22.22%
2021,Qtr 2,April,13,All Cases,24.19%
2021,Qtr 2,April,14,All Cases,28.33%
2021,Qtr 2,April,15,All Cases,9.09%
2021,Qtr 2,April,16,All Cases,22.58%
2021,Qtr 2,April,17,All Cases,0.00%
2021,Qtr 2,April,19,All Cases,26.32%
2021,Qtr 2,April,20,All Cases,20.22%
2021,Qtr 2,April,21,All Cases,21.05%
2021,Qtr 2,April,22,All Cases,17.50%
2021,Qtr 2,April,23,All Cases,33.33%
2021,Qtr 2,April,26,All Cases,20.90%
2021,Qtr 2,April,27,All Cases,17.78%
2021,Qtr 2,April,28,All Cases,15.38%
2021,Qtr 2,April,29,All Cases,37.93%
2021,Qtr 2,April,30,All Cases,17.86%
2021,Qtr 2,May,3,All Cases,29.41%
2021,Qtr 2,May,4,All Cases,36.00%
2021,Qtr 2,May,5,All Cases,11.63%
2021,Qtr 2,May,6,All Cases,16.22%
2021,Qtr 2,May,7,All Cases,12.50%
2021,Qtr 2,May,10,All Cases,15.56%
2021,Qtr 2,May,11,All Cases,33.33%
2021,Qtr 2,May,12,All Cases,22.73%
2021,Qtr 2,May,13,All Cases,20.41%
2021,Qtr 2,May,14,All Cases,43.75%
2021,Qtr 2,May,15,All Cases,100.00%
2021,Qtr 2,May,16,All Cases,100.00%
2021,Qtr 2,May,17,All Cases,26.42%
2021,Qtr 2,May,18,All Cases,21.67%
2021,Qtr 2,May,19,All Cases,12.82%
2021,Qtr 2,May,20,All Cases,23.53%
2021,Qtr 2,May,21,All Cases,9.68%
2021,Qtr 2,May,22,All Cases,0.00%
2021,Qtr 2,May,23,All Cases,0.00%
2021,Qtr 2,May,24,All Cases,23.53%
2021,Qtr 2,May,25,All Cases,12.28%
2021,Qtr 2,May,26,All Cases,26.67%
2021,Qtr 2,May,27,All Cases,17.65%
2021,Qtr 2,May,28,All Cases,7.69%
2021,Qtr 2,May,29,All Cases,50.00%
2021,Qtr 2,May,31,All Cases,0.00%
2021,Qtr 2,June,1,All Cases,28.28%
2021,Qtr 2,June,2,All Cases,19.70%
2021,Qtr 2,June,3,All Cases,20.37%
2021,Qtr 2,June,4,All Cases,28.57%
2021,Qtr 2,June,7,All Cases,23.33%
2021,Qtr 2,June,8,All Cases,27.54%
2021,Qtr 2,June,9,All Cases,24.07%
2021,Qtr 2,June,10,All Cases,34.09%
2021,Qtr 2,June,11,All Cases,29.03%
2021,Qtr 2,June,14,All Cases,24.49%
2021,Qtr 2,June,15,All Cases,28.00%
2021,Qtr 2,June,16,All Cases,18.00%
2021,Qtr 2,June,17,All Cases,25.00%
2021,Qtr 2,June,18,All Cases,20.00%
2021,Qtr 2,June,19,All Cases,100.00%
2021,Qtr 2,June,20,All Cases,25.00%
2021,Qtr 2,June,21,All Cases,27.66%
2021,Qtr 2,June,22,All Cases,27.69%
2021,Qtr 2,June,23,All Cases,20.00%
2021,Qtr 2,June,24,All Cases,20.45%
2021,Qtr 2,June,25,All Cases,38.64%
2021,Qtr 2,June,28,All Cases,22.81%
2021,Qtr 2,June,29,All Cases,28.89%
2021,Qtr 2,June,30,All Cases,22.86%
2021,Qtr 3,July,1,All Cases,33.96%
2021,Qtr 3,July,2,All Cases,40.00%
2021,Qtr 3,July,5,All Cases,50.00%
2021,Qtr 3,July,6,All Cases,33.01%
2021,Qtr 3,July,7,All Cases,25.35%
2021,Qtr 3,July,8,All Cases,28.26%
2021,Qtr 3,July,9,All Cases,26.53%
2021,Qtr 3,July,10,All Cases,0.00%
2021,Qtr 3,July,11,All Cases,0.00%
2021,Qtr 3,July,12,All Cases,30.51%
2021,Qtr 3,July,13,All Cases,32.81%
2021,Qtr 3,July,14,All Cases,21.43%
2021,Qtr 3,July,15,All Cases,22.22%
2021,Qtr 3,July,16,All Cases,11.11%
2021,Qtr 3,July,19,All Cases,22.22%
2021,Qtr 3,July,20,All Cases,32.20%
2021,Qtr 3,July,21,All Cases,33.33%
2021,Qtr 3,July,22,All Cases,27.27%
2021,Qtr 3,July,23,All Cases,19.44%
2021,Qtr 3,July,26,All Cases,15.38%
2021,Qtr 3,July,27,All Cases,36.07%
2021,Qtr 3,July,28,All Cases,27.03%
2021,Qtr 3,July,29,All Cases,25.00%
2021,Qtr 3,July,30,All Cases,27.91%
2021,Qtr 3,August,2,All Cases,20.31%
2021,Qtr 3,August,3,All Cases,32.43%
2021,Qtr 3,August,4,All Cases,39.13%
2021,Qtr 3,August,5,All Cases,33.33%
2021,Qtr 3,August,6,All Cases,24.14%
2021,Qtr 3,August,8,All Cases,0.00%
2021,Qtr 3,August,9,All Cases,20.00%
2021,Qtr 3,August,10,All Cases,32.08%
2021,Qtr 3,August,11,All Cases,13.16%
2021,Qtr 3,August,12,All Cases,31.11%
2021,Qtr 3,August,13,All Cases,36.00%
2021,Qtr 3,August,15,All Cases,0.00%
2021,Qtr 3,August,16,All Cases,18.64%
2021,Qtr 3,August,17,All Cases,24.56%
2021,Qtr 3,August,18,All Cases,24.00%
2021,Qtr 3,August,19,All Cases,25.00%
2021,Qtr 3,August,20,All Cases,13.79%
2021,Qtr 3,August,23,All Cases,24.39%
2021,Qtr 3,August,24,All Cases,28.07%
2021,Qtr 3,August,25,All Cases,21.43%
2021,Qtr 3,August,26,All Cases,32.43%
2021,Qtr 3,August,27,All Cases,25.00%
2021,Qtr 3,August,30,All Cases,23.68%
2021,Qtr 3,August,31,All Cases,23.53%
2021,Qtr 3,September,1,All Cases,19.44%
2021,Qtr 3,September,2,All Cases,16.67%
2021,Qtr 3,September,3,All Cases,27.27%
2021,Qtr 3,September,4,All Cases,0.00%
2021,Qtr 3,September,7,All Cases,23.53%
2021,Qtr 3,September,8,All Cases,32.14%
2021,Qtr 3,September,9,All Cases,24.00%
2021,Qtr 3,September,10,All Cases,18.33%
2021,Qtr 3,September,13,All Cases,25.00%
2021,Qtr 3,September,14,All Cases,21.67%
2021,Qtr 3,September,15,All Cases,20.45%
2021,Qtr 3,September,16,All Cases,15.69%
2021,Qtr 3,September,17,All Cases,15.38%
2021,Qtr 3,September,20,All Cases,29.41%
2021,Qtr 3,September,21,All Cases,16.36%
2021,Qtr 3,September,22,All Cases,13.33%
2021,Qtr 3,September,23,All Cases,23.53%
2021,Qtr 3,September,24,All Cases,16.67%
2021,Qtr 3,September,27,All Cases,34.33%
2021,Qtr 3,September,28,All Cases,16.98%
2021,Qtr 3,September,29,All Cases,29.82%
2021,Qtr 3,September,30,All Cases,7.50%
2021,Qtr 4,October,1,All Cases,22.22%
2021,Qtr 4,October,4,All Cases,26.47%
2021,Qtr 4,October,5,All Cases,25.00%
2021,Qtr 4,October,6,All Cases,27.50%
2021,Qtr 4,October,7,All Cases,21.62%
2021,Qtr 4,October,8,All Cases,20.00%
2021,Qtr 4,October,11,All Cases,75.00%
2021,Qtr 4,October,12,All Cases,31.11%
2021,Qtr 4,October,13,All Cases,22.58%
2021,Qtr 4,October,14,All Cases,25.64%
2021,Qtr 4,October,15,All Cases,25.00%
2021,Qtr 4,October,16,All Cases,16.67%
2021,Qtr 4,October,18,All Cases,14.00%
2021,Qtr 4,October,19,All Cases,32.00%
2021,Qtr 4,October,20,All Cases,31.71%
2021,Qtr 4,October,21,All Cases,31.58%
2021,Qtr 4,October,22,All Cases,22.45%
2021,Qtr 4,October,24,All Cases,0.00%
2021,Qtr 4,October,25,All Cases,17.19%
2021,Qtr 4,October,26,All Cases,15.79%
2021,Qtr 4,October,27,All Cases,13.79%
2021,Qtr 4,October,28,All Cases,21.88%
2021,Qtr 4,October,29,All Cases,27.27%
2021,Qtr 4,October,30,All Cases,0.00%
2021,Qtr 4,October,31,All Cases,28.00%
2021,Qtr 4,November,1,All Cases,19.05%
2021,Qtr 4,November,2,All Cases,15.52%
2021,Qtr 4,November,3,All Cases,13.04%
2021,Qtr 4,November,4,All Cases,19.15%
2021,Qtr 4,November,5,All Cases,20.00%
2021,Qtr 4,November,6,All Cases,36.84%
2021,Qtr 4,November,7,All Cases,26.32%
2021,Qtr 4,November,8,All Cases,20.00%
2021,Qtr 4,November,9,All Cases,44.12%
2021,Qtr 4,November,10,All Cases,6.98%
2021,Qtr 4,November,11,All Cases,20.00%
2021,Qtr 4,November,12,All Cases,27.27%
2021,Qtr 4,November,13,All Cases,12.50%
2021,Qtr 4,November,14,All Cases,25.00%
2021,Qtr 4,November,15,All Cases,25.86%
2021,Qtr 4,November,16,All Cases,19.30%
2021,Qtr 4,November,17,All Cases,15.63%
2021,Qtr 4,November,18,All Cases,30.30%
2021,Qtr 4,November,19,All Cases,12.00%
2021,Qtr 4,November,20,All Cases,22.22%
2021,Qtr 4,November,21,All Cases,30.77%
2021,Qtr 4,November,22,All Cases,25.42%
2021,Qtr 4,November,23,All Cases,31.48%
2021,Qtr 4,November,24,All Cases,30.77%
2021,Qtr 4,November,26,All Cases,50.00%
2021,Qtr 4,November,27,All Cases,28.57%
2021,Qtr 4,November,28,All Cases,43.75%
2021,Qtr 4,November,29,All Cases,21.43%
2021,Qtr 4,November,30,All Cases,25.00%
2021,Qtr 4,December,1,All Cases,28.13%
2021,Qtr 4,December,2,All Cases,28.57%
2021,Qtr 4,December,3,All Cases,19.23%
2021,Qtr 4,December,4,All Cases,13.79%
2021,Qtr 4,December,5,All Cases,0.00%
2021,Qtr 4,December,6,All Cases,22.22%
2021,Qtr 4,December,7,All Cases,14.89%
2021,Qtr 4,December,8,All Cases,24.14%
2021,Qtr 4,December,9,All Cases,16.67%
2021,Qtr 4,December,10,All Cases,13.51%
2021,Qtr 4,December,11,All Cases,23.08%
2021,Qtr 4,December,12,All Cases,0.00%
2021,Qtr 4,December,13,All Cases,29.79%
2021,Qtr 4,December,14,All Cases,7.32%
2021,Qtr 4,December,15,All Cases,17.24%
2021,Qtr 4,December,16,All Cases,25.00%
2021,Qtr 4,December,17,All Cases,16.00%
2021,Qtr 4,December,18,All Cases,0.00%
2021,Qtr 4,December,19,All Cases,60.00%
2021,Qtr 4,December,20,All Cases,24.00%
2021,Qtr 4,December,21,All Cases,20.00%
2021,Qtr 4,December,22,All Cases,11.43%
2021,Qtr 4,December,23,All Cases,11.11%
2021,Qtr 4,December,24,All Cases,0.00%
2021,Qtr 4,December,27,All Cases,10.53%
2021,Qtr 4,December,28,All Cases,30.61%
2021,Qtr 4,December,29,All Cases,27.27%
2021,Qtr 4,December,30,All Cases,17.65%
2022,Qtr 1,January,2,All Cases,25.00%
2022,Qtr 1,January,3,All Cases,23.21%
2022,Qtr 1,January,4,All Cases,31.48%
2022,Qtr 1,January,5,All Cases,35.00%
2022,Qtr 1,January,6,All Cases,16.67%
2022,Qtr 1,January,7,All Cases,28.57%
2022,Qtr 1,January,8,All Cases,66.67%
2022,Qtr 1,January,9,All Cases,20.00%
2022,Qtr 1,January,10,All Cases,24.00%
2022,Qtr 1,January,11,All Cases,29.79%
2022,Qtr 1,January,12,All Cases,26.47%
2022,Qtr 1,January,13,All Cases,26.67%
2022,Qtr 1,January,14,All Cases,24.24%
2022,Qtr 1,January,15,All Cases,31.82%
2022,Qtr 1,January,16,All Cases,15.00%
2022,Qtr 1,January,17,All Cases,16.67%
2022,Qtr 1,January,18,All Cases,30.19%
2022,Qtr 1,January,19,All Cases,17.14%
2022,Qtr 1,January,20,All Cases,26.92%
2022,Qtr 1,January,21,All Cases,15.63%
2022,Qtr 1,January,22,All Cases,26.67%
2022,Qtr 1,January,23,All Cases,23.08%
2022,Qtr 1,January,24,All Cases,22.22%
2022,Qtr 1,January,25,All Cases,21.88%
2022,Qtr 1,January,26,All Cases,27.66%
2022,Qtr 1,January,27,All Cases,38.00%
2022,Qtr 1,January,28,All Cases,13.64%
2022,Qtr 1,January,29,All Cases,0.00%
2022,Qtr 1,January,30,All Cases,50.00%
2022,Qtr 1,January,31,All Cases,26.19%
2022,Qtr 1,February,1,All Cases,22.03%
2022,Qtr 1,February,2,All Cases,9.38%
2022,Qtr 1,February,3,All Cases,22.73%
2022,Qtr 1,February,4,All Cases,31.43%
2022,Qtr 1,February,5,All Cases,14.29%
2022,Qtr 1,February,6,All Cases,25.00%
2022,Qtr 1,February,7,All Cases,24.66%
2022,Qtr 1,February,8,All Cases,33.96%
2022,Qtr 1,February,9,All Cases,17.78%
2022,Qtr 1,February,10,All Cases,17.95%
2022,Qtr 1,February,11,All Cases,25.81%
2022,Qtr 1,February,12,All Cases,0.00%
2022,Qtr 1,February,14,All Cases,26.53%
2022,Qtr 1,February,15,All Cases,24.07%
2022,Qtr 1,February,16,All Cases,11.11%
2022,Qtr 1,February,17,All Cases,19.05%
2022,Qtr 1,February,18,All Cases,5.26%
2022,Qtr 1,February,19,All Cases,33.33%
2022,Qtr 1,February,20,All Cases,18.75%
2022,Qtr 1,February,21,All Cases,0.00%
2022,Qtr 1,February,22,All Cases,20.00%
2022,Qtr 1,February,23,All Cases,19.64%
2022,Qtr 1,February,24,All Cases,34.09%
2022,Qtr 1,February,25,All Cases,2.94%
2022,Qtr 1,February,26,All Cases,26.32%
2022,Qtr 1,February,27,All Cases,45.00%
2022,Qtr 1,February,28,All Cases,22.00%
2022,Qtr 1,March,1,All Cases,34.04%
2022,Qtr 1,March,2,All Cases,32.50%
2022,Qtr 1,March,3,All Cases,15.00%
2022,Qtr 1,March,4,All Cases,21.05%
2022,Qtr 1,March,5,All Cases,57.89%
2022,Qtr 1,March,6,All Cases,16.67%
2022,Qtr 1,March,7,All Cases,36.62%
2022,Qtr 1,March,8,All Cases,20.51%
2022,Qtr 1,March,9,All Cases,25.00%
2022,Qtr 1,March,10,All Cases,27.50%
2022,Qtr 1,March,11,All Cases,18.75%
2022,Qtr 1,March,12,All Cases,20.00%
2022,Qtr 1,March,13,All Cases,0.00%
2022,Qtr 1,March,14,All Cases,21.21%
2022,Qtr 1,March,15,All Cases,19.35%
2022,Qtr 1,March,16,All Cases,23.81%
2022,Qtr 1,March,17,All Cases,19.05%
2022,Qtr 1,March,18,All Cases,36.36%
2022,Qtr 1,March,19,All Cases,14.29%
2022,Qtr 1,March,20,All Cases,18.18%
2022,Qtr 1,March,21,All Cases,25.97%
2022,Qtr 1,March,22,All Cases,20.97%
2022,Qtr 1,March,23,All Cases,11.43%
2022,Qtr 1,March,24,All Cases,17.14%
2022,Qtr 1,March,25,All Cases,9.09%
2022,Qtr 1,March,26,All Cases,0.00%
2022,Qtr 1,March,27,All Cases,25.00%
2022,Qtr 1,March,28,All Cases,39.34%
2022,Qtr 1,March,29,All Cases,21.74%
2022,Qtr 1,March,30,All Cases,33.33%
2022,Qtr 1,March,31,All Cases,0.00%
2022,Qtr 2,April,1,All Cases,35.14%
2022,Qtr 2,April,2,All Cases,0.00%
2022,Qtr 2,April,3,All Cases,0.00%
2022,Qtr 2,April,4,All Cases,20.90%
2022,Qtr 2,April,5,All Cases,22.58%
2022,Qtr 2,April,6,All Cases,26.47%
2022,Qtr 2,April,7,All Cases,18.18%
2022,Qtr 2,April,8,All Cases,19.05%
2022,Qtr 2,April,10,All Cases,0.00%
2022,Qtr 2,April,11,All Cases,24.00%
2022,Qtr 2,April,12,All Cases,26.09%
2022,Qtr 2,April,13,All Cases,18.60%
2022,Qtr 2,April,14,All Cases,21.95%
2022,Qtr 2,April,15,All Cases,16.67%
2022,Qtr 2,April,17,All Cases,11.11%
2022,Qtr 2,April,18,All Cases,24.32%
2022,Qtr 2,April,19,All Cases,22.95%
2022,Qtr 2,April,20,All Cases,34.04%
2022,Qtr 2,April,21,All Cases,23.40%
2022,Qtr 2,April,22,All Cases,11.54%
2022,Qtr 2,April,23,All Cases,0.00%
2022,Qtr 2,April,24,All Cases,0.00%
2022,Qtr 2,April,25,All Cases,23.73%
2022,Qtr 2,April,26,All Cases,32.86%
2022,Qtr 2,April,27,All Cases,8.16%
2022,Qtr 2,April,28,All Cases,20.00%
2022,Qtr 2,April,29,All Cases,15.38%
2022,Qtr 2,April,30,All Cases,26.67%
2022,Qtr 2,May,1,All Cases,42.86%
2022,Qtr 2,May,2,All Cases,17.46%
2022,Qtr 2,May,3,All Cases,11.59%
2022,Qtr 2,May,4,All Cases,10.42%
2022,Qtr 2,May,5,All Cases,9.52%
2022,Qtr 2,May,6,All Cases,13.79%
2022,Qtr 2,May,7,All Cases,0.00%
2022,Qtr 2,May,8,All Cases,0.00%
2022,Qtr 2,May,9,All Cases,20.00%
2022,Qtr 2,May,10,All Cases,13.79%
2022,Qtr 2,May,11,All Cases,14.71%
2022,Qtr 2,May,12,All Cases,20.83%
2022,Qtr 2,May,13,All Cases,8.33%
2022,Qtr 2,May,14,All Cases,15.00%
2022,Qtr 2,May,15,All Cases,7.69%
2022,Qtr 2,May,16,All Cases,28.00%
2022,Qtr 2,May,17,All Cases,20.45%
2022,Qtr 2,May,18,All Cases,11.76%
2022,Qtr 2,May,19,All Cases,8.82%
2022,Qtr 2,May,20,All Cases,20.83%
2022,Qtr 2,May,21,All Cases,0.00%
2022,Qtr 2,May,22,All Cases,11.11%
2022,Qtr 2,May,23,All Cases,26.39%
2022,Qtr 2,May,24,All Cases,24.56%
2022,Qtr 2,May,25,All Cases,11.43%
2022,Qtr 2,May,26,All Cases,27.27%
2022,Qtr 2,May,27,All Cases,15.79%
2022,Qtr 2,May,28,All Cases,0.00%
2022,Qtr 2,May,29,All Cases,0.00%
2022,Qtr 2,May,30,All Cases,40.00%
2022,Qtr 2,May,31,All Cases,22.22%
2022,Qtr 2,June,1,All Cases,25.53%
2022,Qtr 2,June,2,All Cases,16.67%
2022,Qtr 2,June,3,All Cases,15.38%
2022,Qtr 2,June,4,All Cases,30.77%
2022,Qtr 2,June,5,All Cases,55.56%
2022,Qtr 2,June,6,All Cases,23.73%
2022,Qtr 2,June,7,All Cases,22.41%
2022,Qtr 2,June,8,All Cases,24.14%
2022,Qtr 2,June,9,All Cases,24.53%
2022,Qtr 2,June,10,All Cases,33.33%
2022,Qtr 2,June,11,All Cases,42.86%
2022,Qtr 2,June,12,All Cases,26.67%
2022,Qtr 2,June,13,All Cases,21.15%
2022,Qtr 2,June,14,All Cases,26.23%
2022,Qtr 2,June,15,All Cases,15.38%
2022,Qtr 2,June,16,All Cases,20.93%
2022,Qtr 2,June,17,All Cases,9.09%
2022,Qtr 2,June,18,All Cases,15.38%
2022,Qtr 2,June,19,All Cases,50.00%
2022,Qtr 2,June,20,All Cases,20.00%
2022,Qtr 2,June,21,All Cases,25.35%
2022,Qtr 2,June,22,All Cases,12.82%
2022,Qtr 2,June,23,All Cases,18.42%
2022,Qtr 2,June,24,All Cases,15.38%
2022,Qtr 2,June,25,All Cases,50.00%
2022,Qtr 2,June,26,All Cases,33.33%
2022,Qtr 2,June,27,All Cases,19.35%
2022,Qtr 2,June,28,All Cases,19.67%
2022,Qtr 2,June,29,All Cases,24.07%
2022,Qtr 2,June,30,All Cases,17.14%
2022,Qtr 3,July,1,All Cases,30.00%
2022,Qtr 3,July,2,All Cases,0.00%
2022,Qtr 3,July,3,All Cases,14.29%
2022,Qtr 3,July,5,All Cases,26.67%
2022,Qtr 3,July,6,All Cases,21.21%
2022,Qtr 3,July,7,All Cases,14.89%
2022,Qtr 3,July,8,All Cases,10.81%
2022,Qtr 3,July,9,All Cases,33.33%
2022,Qtr 3,July,10,All Cases,26.67%
2022,Qtr 3,July,11,All Cases,25.76%
2022,Qtr 3,July,12,All Cases,15.52%
2022,Qtr 3,July,13,All Cases,23.26%
2022,Qtr 3,July,14,All Cases,14.58%
2022,Qtr 3,July,15,All Cases,18.75%
2022,Qtr 3,July,16,All Cases,50.00%
2022,Qtr 3,July,17,All Cases,0.00%
2022,Qtr 3,July,18,All Cases,18.97%
2022,Qtr 3,July,19,All Cases,27.38%
2022,Qtr 3,July,20,All Cases,12.50%
2022,Qtr 3,July,21,All Cases,21.21%
2022,Qtr 3,July,22,All Cases,17.24%
2022,Qtr 3,July,23,All Cases,0.00%
2022,Qtr 3,July,25,All Cases,16.92%
2022,Qtr 3,July,26,All Cases,24.19%
2022,Qtr 3,July,27,All Cases,29.55%
2022,Qtr 3,July,28,All Cases,13.73%
2022,Qtr 3,July,29,All Cases,6.90%
2022,Qtr 3,July,31,All Cases,100.00%
2022,Qtr 3,August,1,All Cases,21.15%
2022,Qtr 3,August,2,All Cases,30.68%
2022,Qtr 3,August,3,All Cases,24.07%
2022,Qtr 3,August,4,All Cases,20.51%
2022,Qtr 3,August,5,All Cases,15.15%
2022,Qtr 3,August,8,All Cases,15.52%
2022,Qtr 3,August,9,All Cases,22.89%
2022,Qtr 3,August,10,All Cases,19.61%
2022,Qtr 3,August,11,All Cases,10.17%
2022,Qtr 3,August,12,All Cases,8.57%
2022,Qtr 3,August,15,All Cases,21.43%
2022,Qtr 3,August,16,All Cases,22.22%
2022,Qtr 3,August,17,All Cases,29.55%
2022,Qtr 3,August,18,All Cases,19.57%
2022,Qtr 3,August,19,All Cases,26.00%
2022,Qtr 3,August,20,All Cases,45.45%
2022,Qtr 3,August,21,All Cases,58.33%
2022,Qtr 3,August,22,All Cases,25.64%
2022,Qtr 3,August,23,All Cases,37.10%
2022,Qtr 3,August,24,All Cases,15.38%
2022,Qtr 3,August,25,All Cases,11.11%
2022,Qtr 3,August,26,All Cases,22.22%
2022,Qtr 3,August,27,All Cases,20.00%
2022,Qtr 3,August,28,All Cases,0.00%
2022,Qtr 3,August,29,All Cases,19.35%
2022,Qtr 3,August,30,All Cases,17.05%
2022,Qtr 3,August,31,All Cases,23.26%
2022,Qtr 3,September,1,All Cases,19.64%
2022,Qtr 3,September,2,All Cases,18.52%
2022,Qtr 3,September,3,All Cases,66.67%
2022,Qtr 3,September,4,All Cases,16.67%
2022,Qtr 3,September,5,All Cases,0.00%
2022,Qtr 3,September,6,All Cases,30.68%
2022,Qtr 3,September,7,All Cases,26.00%
2022,Qtr 3,September,8,All Cases,24.44%
2022,Qtr 3,September,9,All Cases,12.00%
2022,Qtr 3,September,11,All Cases,0.00%
2022,Qtr 3,September,12,All Cases,14.67%
2022,Qtr 3,September,13,All Cases,33.33%
2022,Qtr 3,September,14,All Cases,21.62%
2022,Qtr 3,September,15,All Cases,10.42%
2022,Qtr 3,September,16,All Cases,15.38%
2022,Qtr 3,September,17,All Cases,27.27%
2022,Qtr 3,September,18,All Cases,50.00%
2022,Qtr 3,September,19,All Cases,22.58%
2022,Qtr 3,September,20,All Cases,13.46%
2022,Qtr 3,September,21,All Cases,11.63%
2022,Qtr 3,September,22,All Cases,20.00%
2022,Qtr 3,September,23,All Cases,20.00%
2022,Qtr 3,September,24,All Cases,22.22%
2022,Qtr 3,September,25,All Cases,25.00%
2022,Qtr 3,September,26,All Cases,36.92%
2022,Qtr 3,September,27,All Cases,24.24%
2022,Qtr 3,September,28,All Cases,37.50%
2022,Qtr 3,September,29,All Cases,12.20%
2022,Qtr 3,September,30,All Cases,10.26%
2022,Qtr 4,October,1,All Cases,66.67%
2022,Qtr 4,October,2,All Cases,0.00%
2022,Qtr 4,October,3,All Cases,11.94%
2022,Qtr 4,October,4,All Cases,30.19%
2022,Qtr 4,October,5,All Cases,33.33%
2022,Qtr 4,October,6,All Cases,14.29%
2022,Qtr 4,October,7,All Cases,17.86%
2022,Qtr 4,October,8,All Cases,0.00%
2022,Qtr 4,October,9,All Cases,0.00%
2022,Qtr 4,October,10,All Cases,30.77%
2022,Qtr 4,October,11,All Cases,26.51%
2022,Qtr 4,October,12,All Cases,29.27%
2022,Qtr 4,October,13,All Cases,25.00%
2022,Qtr 4,October,14,All Cases,15.79%
2022,Qtr 4,October,15,All Cases,0.00%
2022,Qtr 4,October,16,All Cases,16.67%
2022,Qtr 4,October,17,All Cases,19.67%
2022,Qtr 4,October,18,All Cases,32.69%
2022,Qtr 4,October,19,All Cases,9.68%
2022,Qtr 4,October,20,All Cases,24.56%
2022,Qtr 4,October,21,All Cases,22.73%
2022,Qtr 4,October,22,All Cases,0.00%
2022,Qtr 4,October,23,All Cases,21.43%
2022,Qtr 4,October,24,All Cases,23.19%
2022,Qtr 4,October,25,All Cases,15.38%
2022,Qtr 4,October,26,All Cases,18.42%
2022,Qtr 4,October,27,All Cases,11.76%
2022,Qtr 4,October,28,All Cases,15.00%
2022,Qtr 4,October,29,All Cases,37.50%
2022,Qtr 4,October,30,All Cases,18.75%
2022,Qtr 4,October,31,All Cases,32.00%
2022,Qtr 4,November,1,All Cases,22.73%
2022,Qtr 4,November,2,All Cases,16.22%
2022,Qtr 4,November,3,All Cases,15.22%
2022,Qtr 4,November,4,All Cases,10.71%
2022,Qtr 4,November,5,All Cases,25.00%
2022,Qtr 4,November,6,All Cases,28.57%
2022,Qtr 4,November,7,All Cases,23.81%
2022,Qtr 4,November,8,All Cases,18.52%
2022,Qtr 4,November,9,All Cases,21.88%
2022,Qtr 4,November,10,All Cases,27.59%
2022,Qtr 4,November,14,All Cases,19.05%
2022,Qtr 4,November,15,All Cases,22.54%
2022,Qtr 4,November,16,All Cases,27.50%
2022,Qtr 4,November,17,All Cases,15.91%
2022,Qtr 4,November,18,All Cases,8.57%
2022,Qtr 4,November,19,All Cases,16.67%
2022,Qtr 4,November,20,All Cases,22.22%
2022,Qtr 4,November,21,All Cases,23.53%
2022,Qtr 4,November,22,All Cases,18.00%
2022,Qtr 4,November,23,All Cases,31.25%
2022,Qtr 4,November,25,All Cases,33.33%
2022,Qtr 4,November,28,All Cases,18.18%
2022,Qtr 4,November,29,All Cases,22.73%
2022,Qtr 4,November,30,All Cases,25.64%
2022,Qtr 4,December,1,All Cases,15.79%
2022,Qtr 4,December,2,All Cases,29.41%
2022,Qtr 4,December,3,All Cases,75.00%
2022,Qtr 4,December,4,All Cases,12.50%
2022,Qtr 4,December,5,All Cases,38.64%
2022,Qtr 4,December,6,All Cases,28.17%
2022,Qtr 4,December,7,All Cases,19.35%
2022,Qtr 4,December,8,All Cases,18.60%
2022,Qtr 4,December,9,All Cases,11.43%
2022,Qtr 4,December,10,All Cases,0.00%
2022,Qtr 4,December,11,All Cases,0.00%
2022,Qtr 4,December,12,All Cases,16.00%
2022,Qtr 4,December,13,All Cases,39.22%
2022,Qtr 4,December,14,All Cases,15.38%
2022,Qtr 4,December,15,All Cases,24.24%
2022,Qtr 4,December,16,All Cases,16.67%
2022,Qtr 4,December,17,All Cases,41.67%
2022,Qtr 4,December,18,All Cases,0.00%
2022,Qtr 4,December,19,All Cases,21.67%
2022,Qtr 4,December,20,All Cases,23.53%
2022,Qtr 4,December,21,All Cases,20.51%
2022,Qtr 4,December,22,All Cases,37.93%
2022,Qtr 4,December,23,All Cases,17.65%
2022,Qtr 4,December,24,All Cases,57.14%
2022,Qtr 4,December,25,All Cases,0.00%
2022,Qtr 4,December,26,All Cases,100.00%
2022,Qtr 4,December,27,All Cases,31.75%
2022,Qtr 4,December,28,All Cases,15.91%
2022,Qtr 4,December,29,All Cases,24.32%
2022,Qtr 4,December,30,All Cases,20.83%
2022,Qtr 4,December,31,All Cases,27.27%
2023,Qtr 1,January,1,All Cases,16.67%
2023,Qtr 1,January,3,All Cases,30.16%
2023,Qtr 1,January,4,All Cases,20.00%
2023,Qtr 1,January,5,All Cases,35.29%
2023,Qtr 1,January,6,All Cases,30.00%
2023,Qtr 1,January,7,All Cases,61.54%
2023,Qtr 1,January,8,All Cases,16.67%
2023,Qtr 1,January,9,All Cases,26.92%
2023,Qtr 1,January,10,All Cases,29.51%
2023,Qtr 1,January,11,All Cases,23.91%
2023,Qtr 1,January,12,All Cases,16.33%
2023,Qtr 1,January,13,All Cases,30.00%
2023,Qtr 1,January,14,All Cases,0.00%
2023,Qtr 1,January,15,All Cases,18.75%
2023,Qtr 1,January,16,All Cases,0.00%
2023,Qtr 1,January,17,All Cases,20.24%
2023,Qtr 1,January,18,All Cases,28.26%
2023,Qtr 1,January,19,All Cases,29.73%
2023,Qtr 1,January,20,All Cases,10.81%
2023,Qtr 1,January,21,All Cases,12.50%
2023,Qtr 1,January,22,All Cases,0.00%
2023,Qtr 1,January,23,All Cases,17.91%
2023,Qtr 1,January,24,All Cases,29.41%
2023,Qtr 1,January,25,All Cases,18.75%
2023,Qtr 1,January,26,All Cases,28.95%
2023,Qtr 1,January,27,All Cases,12.90%
2023,Qtr 1,January,28,All Cases,16.67%
2023,Qtr 1,January,29,All Cases,6.67%
2023,Qtr 1,January,30,All Cases,34.62%
2023,Qtr 1,January,31,All Cases,11.67%
2023,Qtr 1,February,1,All Cases,9.52%
2023,Qtr 1,February,2,All Cases,20.00%
2023,Qtr 1,February,3,All Cases,13.51%
2023,Qtr 1,February,4,All Cases,33.33%
2023,Qtr 1,February,5,All Cases,46.67%
2023,Qtr 1,February,6,All Cases,20.00%
2023,Qtr 1,February,7,All Cases,22.00%
2023,Qtr 1,February,8,All Cases,32.26%
2023,Qtr 1,February,9,All Cases,27.27%
2023,Qtr 1,February,10,All Cases,18.18%
2023,Qtr 1,February,12,All Cases,27.27%
2023,Qtr 1,February,13,All Cases,26.67%
2023,Qtr 1,February,14,All Cases,15.00%
2023,Qtr 1,February,15,All Cases,30.95%
2023,Qtr 1,February,16,All Cases,18.75%
2023,Qtr 1,February,17,All Cases,17.65%
2023,Qtr 1,February,19,All Cases,0.00%
2023,Qtr 1,February,21,All Cases,29.17%
2023,Qtr 1,February,22,All Cases,18.18%
2023,Qtr 1,February,23,All Cases,15.00%
2023,Qtr 1,February,24,All Cases,26.32%
2023,Qtr 1,February,26,All Cases,33.33%
2023,Qtr 1,February,27,All Cases,22.41%
2023,Qtr 1,February,28,All Cases,14.67%
2023,Qtr 1,March,1,All Cases,9.38%
2023,Qtr 1,March,2,All Cases,19.35%
2023,Qtr 1,March,3,All Cases,22.86%
2023,Qtr 1,March,4,All Cases,37.50%
2023,Qtr 1,March,5,All Cases,0.00%
2023,Qtr 1,March,6,All Cases,26.98%
2023,Qtr 1,March,7,All Cases,26.87%
2023,Qtr 1,March,8,All Cases,25.00%
2023,Qtr 1,March,9,All Cases,28.21%
2023,Qtr 1,March,10,All Cases,16.13%
2023,Qtr 1,March,11,All Cases,0.00%
2023,Qtr 1,March,12,All Cases,0.00%
2023,Qtr 1,March,13,All Cases,21.31%
2023,Qtr 1,March,14,All Cases,40.35%
2023,Qtr 1,March,15,All Cases,19.35%
2023,Qtr 1,March,16,All Cases,26.42%
2023,Qtr 1,March,17,All Cases,22.58%
2023,Qtr 1,March,18,All Cases,8.33%
2023,Qtr 1,March,19,All Cases,0.00%
2023,Qtr 1,March,20,All Cases,21.21%
2023,Qtr 1,March,21,All Cases,37.50%
2023,Qtr 1,March,22,All Cases,11.54%
2023,Qtr 1,March,23,All Cases,20.00%
2023,Qtr 1,March,24,All Cases,11.43%
2023,Qtr 1,March,25,All Cases,0.00%
2023,Qtr 1,March,27,All Cases,17.78%
2023,Qtr 1,March,28,All Cases,14.81%
2023,Qtr 1,March,29,All Cases,17.86%
2023,Qtr 1,March,30,All Cases,12.20%
2023,Qtr 1,March,31,All Cases,0.00%
2023,Qtr 2,April,1,All Cases,0.00%
2023,Qtr 2,April,2,All Cases,0.00%
2023,Qtr 2,April,3,All Cases,22.54%
2023,Qtr 2,April,4,All Cases,20.59%
2023,Qtr 2,April,5,All Cases,11.11%
2023,Qtr 2,April,6,All Cases,14.29%
2023,Qtr 2,April,7,All Cases,26.47%
2023,Qtr 2,April,8,All Cases,15.38%
2023,Qtr 2,April,9,All Cases,20.00%
2023,Qtr 2,April,10,All Cases,22.41%
2023,Qtr 2,April,11,All Cases,19.35%
2023,Qtr 2,April,12,All Cases,20.69%
2023,Qtr 2,April,13,All Cases,11.36%
2023,Qtr 2,April,14,All Cases,17.24%
2023,Qtr 2,April,15,All Cases,40.00%
2023,Qtr 2,April,16,All Cases,0.00%
2023,Qtr 2,April,17,All Cases,27.42%
2023,Qtr 2,April,18,All Cases,19.64%
2023,Qtr 2,April,19,All Cases,18.92%
2023,Qtr 2,April,20,All Cases,19.51%
2023,Qtr 2,April,21,All Cases,23.53%
2023,Qtr 2,April,22,All Cases,0.00%
2023,Qtr 2,April,23,All Cases,0.00%
2023,Qtr 2,April,24,All Cases,29.31%
2023,Qtr 2,April,25,All Cases,21.31%
2023,Qtr 2,April,26,All Cases,35.71%
2023,Qtr 2,April,27,All Cases,9.68%
2023,Qtr 2,April,28,All Cases,27.91%
2023,Qtr 2,April,29,All Cases,0.00%
2023,Qtr 2,April,30,All Cases,0.00%
2023,Qtr 2,May,1,All Cases,14.81%
2023,Qtr 2,May,2,All Cases,18.67%
2023,Qtr 2,May,3,All Cases,21.95%
2023,Qtr 2,May,4,All Cases,17.65%
2023,Qtr 2,May,5,All Cases,10.34%
2023,Qtr 2,May,6,All Cases,14.29%
2023,Qtr 2,May,7,All Cases,33.33%
2023,Qtr 2,May,8,All Cases,28.77%
2023,Qtr 2,May,9,All Cases,19.35%
2023,Qtr 2,May,10,All Cases,21.28%
2023,Qtr 2,May,11,All Cases,26.53%
2023,Qtr 2,May,12,All Cases,26.67%
2023,Qtr 2,May,13,All Cases,20.00%
2023,Qtr 2,May,14,All Cases,100.00%
2023,Qtr 2,May,15,All Cases,25.45%
2023,Qtr 2,May,16,All Cases,24.14%
2023,Qtr 2,May,17,All Cases,13.79%
2023,Qtr 2,May,18,All Cases,25.00%
2023,Qtr 2,May,19,All Cases,34.48%
2023,Qtr 2,May,21,All Cases,100.00%
2023,Qtr 2,May,22,All Cases,33.33%
2023,Qtr 2,May,23,All Cases,30.77%
2023,Qtr 2,May,24,All Cases,40.00%
2023,Qtr 2,May,25,All Cases,16.67%
2023,Qtr 2,May,26,All Cases,26.92%
2023,Qtr 2,May,30,All Cases,23.17%
2023,Qtr 2,May,31,All Cases,26.32%
2023,Qtr 2,June,1,All Cases,27.87%
2023,Qtr 2,June,2,All Cases,27.27%
2023,Qtr 2,June,3,All Cases,66.67%
2023,Qtr 2,June,4,All Cases,50.00%
2023,Qtr 2,June,5,All Cases,27.14%
2023,Qtr 2,June,6,All Cases,13.33%
2023,Qtr 2,June,7,All Cases,15.91%
2023,Qtr 2,June,8,All Cases,13.95%
2023,Qtr 2,June,9,All Cases,31.03%
2023,Qtr 2,June,10,All Cases,20.00%
2023,Qtr 2,June,11,All Cases,20.00%
2023,Qtr 2,June,12,All Cases,28.21%
2023,Qtr 2,June,13,All Cases,24.36%
2023,Qtr 2,June,14,All Cases,29.27%
2023,Qtr 2,June,15,All Cases,18.97%
2023,Qtr 2,June,16,All Cases,33.33%
2023,Qtr 2,June,17,All Cases,0.00%
2023,Qtr 2,June,18,All Cases,100.00%
2023,Qtr 2,June,19,All Cases,50.00%
2023,Qtr 2,June,20,All Cases,25.84%
2023,Qtr 2,June,21,All Cases,30.67%
2023,Qtr 2,June,22,All Cases,22.73%
2023,Qtr 2,June,23,All Cases,32.43%
2023,Qtr 2,June,24,All Cases,0.00%
2023,Qtr 2,June,26,All Cases,24.59%
2023,Qtr 2,June,27,All Cases,25.53%
2023,Qtr 2,June,28,All Cases,21.74%
2023,Qtr 2,June,29,All Cases,14.89%
2023,Qtr 2,June,30,All Cases,16.67%
2023,Qtr 3,July,2,All Cases,0.00%
2023,Qtr 3,July,3,All Cases,16.33%
2023,Qtr 3,July,5,All Cases,25.30%
2023,Qtr 3,July,6,All Cases,20.29%
2023,Qtr 3,July,7,All Cases,26.09%
2023,Qtr 3,July,8,All Cases,28.57%
2023,Qtr 3,July,9,All Cases,0.00%
2023,Qtr 3,July,10,All Cases,27.69%
2023,Qtr 3,July,11,All Cases,16.00%
2023,Qtr 3,July,12,All Cases,21.05%
2023,Qtr 3,July,13,All Cases,28.57%
2023,Qtr 3,July,14,All Cases,21.43%
2023,Qtr 3,July,15,All Cases,33.33%
2023,Qtr 3,July,17,All Cases,30.51%
2023,Qtr 3,July,18,All Cases,23.08%
2023,Qtr 3,July,19,All Cases,17.50%
2023,Qtr 3,July,20,All Cases,16.42%
2023,Qtr 3,July,21,All Cases,15.15%
2023,Qtr 3,July,22,All Cases,0.00%
2023,Qtr 3,July,23,All Cases,25.00%
2023,Qtr 3,July,24,All Cases,35.82%
2023,Qtr 3,July,25,All Cases,31.91%
2023,Qtr 3,July,26,All Cases,20.93%
2023,Qtr 3,July,27,All Cases,23.68%
2023,Qtr 3,July,28,All Cases,17.24%
2023,Qtr 3,July,29,All Cases,50.00%
2023,Qtr 3,July,30,All Cases,0.00%
2023,Qtr 3,July,31,All Cases,26.98%
2023,Qtr 3,August,1,All Cases,26.23%
2023,Qtr 3,August,2,All Cases,24.14%
2023,Qtr 3,August,3,All Cases,23.91%
2023,Qtr 3,August,4,All Cases,14.71%
2023,Qtr 3,August,6,All Cases,25.00%
2023,Qtr 3,August,7,All Cases,24.14%
2023,Qtr 3,August,8,All Cases,31.82%
2023,Qtr 3,August,9,All Cases,24.24%
2023,Qtr 3,August,10,All Cases,22.22%
2023,Qtr 3,August,11,All Cases,31.82%
2023,Qtr 3,August,13,All Cases,57.14%
2023,Qtr 3,August,14,All Cases,15.00%
2023,Qtr 3,August,15,All Cases,14.89%
2023,Qtr 3,August,16,All Cases,23.53%
2023,Qtr 3,August,17,All Cases,15.15%
2023,Qtr 3,August,18,All Cases,20.00%
2023,Qtr 3,August,19,All Cases,25.00%
2023,Qtr 3,August,21,All Cases,23.64%
2023,Qtr 3,August,22,All Cases,22.64%
2023,Qtr 3,August,23,All Cases,14.29%
2023,Qtr 3,August,24,All Cases,28.57%
2023,Qtr 3,August,25,All Cases,27.59%
2023,Qtr 3,August,26,All Cases,0.00%
2023,Qtr 3,August,27,All Cases,88.89%
2023,Qtr 3,August,28,All Cases,28.33%
2023,Qtr 3,August,29,All Cases,31.03%
2023,Qtr 3,August,30,All Cases,31.03%
2023,Qtr 3,August,31,All Cases,20.00%
2023,Qtr 3,September,1,All Cases,30.00%
2023,Qtr 3,September,2,All Cases,50.00%
2023,Qtr 3,September,3,All Cases,0.00%
2023,Qtr 3,September,4,All Cases,0.00%
2023,Qtr 3,September,5,All Cases,23.19%
2023,Qtr 3,September,6,All Cases,13.11%
2023,Qtr 3,September,7,All Cases,31.82%
2023,Qtr 3,September,8,All Cases,15.38%
2023,Qtr 3,September,9,All Cases,0.00%
2023,Qtr 3,September,10,All Cases,50.00%
2023,Qtr 3,September,11,All Cases,23.73%
2023,Qtr 3,September,12,All Cases,20.59%
2023,Qtr 3,September,13,All Cases,18.75%
2023,Qtr 3,September,14,All Cases,30.56%
2023,Qtr 3,September,15,All Cases,11.54%
2023,Qtr 3,September,16,All Cases,100.00%
2023,Qtr 3,September,17,All Cases,25.00%
2023,Qtr 3,September,18,All Cases,27.03%
2023,Qtr 3,September,19,All Cases,27.87%
2023,Qtr 3,September,20,All Cases,32.56%
2023,Qtr 3,September,21,All Cases,27.78%
2023,Qtr 3,September,22,All Cases,22.22%
2023,Qtr 3,September,25,All Cases,29.49%
2023,Qtr 3,September,26,All Cases,15.52%
2023,Qtr 3,September,27,All Cases,30.77%
2023,Qtr 3,September,28,All Cases,28.21%
2023,Qtr 3,September,29,All Cases,36.59%
2023,Qtr 3,September,30,All Cases,0.00%
2023,Qtr 4,October,2,All Cases,32.84%
2023,Qtr 4,October,3,All Cases,30.61%
2023,Qtr 4,October,4,All Cases,22.58%
2023,Qtr 4,October,5,All Cases,15.38%
2023,Qtr 4,October,6,All Cases,22.86%
2023,Qtr 4,October,9,All Cases,15.38%
2023,Qtr 4,October,10,All Cases,21.13%
2023,Qtr 4,October,11,All Cases,12.50%
2023,Qtr 4,October,12,All Cases,38.71%
2023,Qtr 4,October,13,All Cases,30.00%
2023,Qtr 4,October,14,All Cases,75.00%
2023,Qtr 4,October,15,All Cases,50.00%
2023,Qtr 4,October,16,All Cases,18.46%
2023,Qtr 4,October,17,All Cases,16.67%
2023,Qtr 4,October,18,All Cases,22.22%
2023,Qtr 4,October,19,All Cases,27.66%
2023,Qtr 4,October,20,All Cases,19.51%
2023,Qtr 4,October,21,All Cases,21.43%
2023,Qtr 4,October,22,All Cases,20.00%
2023,Qtr 4,October,23,All Cases,25.64%
2023,Qtr 4,October,24,All Cases,18.64%
2023,Qtr 4,October,25,All Cases,22.86%
2023,Qtr 4,October,26,All Cases,25.00%
2023,Qtr 4,October,27,All Cases,19.35%
2023,Qtr 4,October,28,All Cases,50.00%
2023,Qtr 4,October,29,All Cases,41.67%
2023,Qtr 4,October,30,All Cases,14.58%
2023,Qtr 4,October,31,All Cases,17.24%
2023,Qtr 4,November,1,All Cases,25.00%
2023,Qtr 4,November,2,All Cases,21.15%
2023,Qtr 4,November,3,All Cases,13.79%
2023,Qtr 4,November,4,All Cases,50.00%
2023,Qtr 4,November,5,All Cases,0.00%
2023,Qtr 4,November,6,All Cases,18.52%
2023,Qtr 4,November,7,All Cases,17.39%
2023,Qtr 4,November,8,All Cases,19.23%
2023,Qtr 4,November,9,All Cases,26.83%
2023,Qtr 4,November,12,All Cases,0.00%
2023,Qtr 4,November,13,All Cases,28.17%
2023,Qtr 4,November,14,All Cases,19.61%
2023,Qtr 4,November,15,All Cases,26.53%
2023,Qtr 4,November,16,All Cases,36.67%
2023,Qtr 4,November,17,All Cases,19.35%
2023,Qtr 4,November,18,All Cases,33.33%
2023,Qtr 4,November,19,All Cases,0.00%
2023,Qtr 4,November,20,All Cases,17.54%
2023,Qtr 4,November,21,All Cases,15.00%
2023,Qtr 4,November,22,All Cases,22.73%
2023,Qtr 4,November,24,All Cases,0.00%
2023,Qtr 4,November,27,All Cases,18.31%
2023,Qtr 4,November,28,All Cases,20.29%
2023,Qtr 4,November,29,All Cases,23.08%
2023,Qtr 4,November,30,All Cases,26.47%
2023,Qtr 4,December,1,All Cases,21.21%
2023,Qtr 4,December,2,All Cases,50.00%
2023,Qtr 4,December,3,All Cases,0.00%
2023,Qtr 4,December,4,All Cases,25.00%
2023,Qtr 4,December,5,All Cases,26.00%
2023,Qtr 4,December,6,All Cases,10.53%
2023,Qtr 4,December,7,All Cases,18.64%
2023,Qtr 4,December,8,All Cases,7.14%
2023,Qtr 4,December,11,All Cases,24.49%
2023,Qtr 4,December,12,All Cases,26.79%
2023,Qtr 4,December,13,All Cases,26.92%
2023,Qtr 4,December,14,All Cases,27.27%
2023,Qtr 4,December,15,All Cases,14.29%
2023,Qtr 4,December,17,All Cases,0.00%
2023,Qtr 4,December,18,All Cases,14.89%
2023,Qtr 4,December,19,All Cases,32.00%
2023,Qtr 4,December,20,All Cases,36.00%
2023,Qtr 4,December,21,All Cases,9.68%
2023,Qtr 4,December,22,All Cases,16.00%
2023,Qtr 4,December,26,All Cases,10.53%
2023,Qtr 4,December,27,All Cases,27.40%
2023,Qtr 4,December,28,All Cases,28.57%
2023,Qtr 4,December,29,All Cases,34.78%
